Adamant brutal,420,420,420,420,420,420,420,420,420,420,420,420,420,420,420,420,420,420,420,420,420,420,420,420,420,420,420,420,420,420,420,420,420,420,420,420,420,420,404,404,404,404,404,404,404,404,404,404,404,404,404,404,404,404,404,404,404,404,404,404,404,404,404,404,404,404,404,404,404,404,404,404,404,404,404,404,404,404,404,404,404,404,404,404,404,404,404,404,404,404,404,404,404,404,404,404,404,399,399,399,399,399,399,399,399,399,399,399,399,399,399,399,399,399,399,399,399,399,399,399,399,399,399,399,399,399,399,399,399,399,399,399,399,399,399,399,399,399,399,399,399,399,399,399,399,399,399,399,399,399,399,399,399,399,399,399,399,386,386,386,386,386,386,386,386,386,386,386,386,386,386,386,386,386,386,386,386,386,386,386
Adamant dart,36,38,38,38,38,39,39,40,40,41,41,40,40,40,40,41,41,42,42,42,45,45,45,45,45,44,44,43,43,41,41,39,39,39,39,38,38,38,37,37,37,35,35,34,34,35,35,35,36,36,36,37,37,38,38,38,38,38,39,39,39,39,39,39,41,41,44,44,44,45,45,45,46,46,48,48,51,51,51,49,46,46,43,43,43,45,45,45,47,47,49,49,49,51,51,53,53,53,53,53,53,55,55,55,57,57,57,58,58,58,59,59,59,62,62,62,64,64,64,66,66,66,63,63,63,64,64,64,64,64,64,64,63,63,63,63,65,65,65,65,62,62,62,58,58,55,55,52,52,52,50,50,51,51,51,52,52,52,52,52,52,54,54,54,54,54,54,55,55,55,55,56,56,56,56,56,56,56,56,56
Adamant javelin,58,58,57,57,56,56,58,58,57,55,53,53,55,57,56,57,57,57,57,58,58,58,56,54,55,55,56,57,57,56,56,54,54,56,58,58,59,59,58,59,59,59,59,59,58,58,60,60,61,61,61,61,61,61,63,64,64,63,63,63,63,64,64,64,64,64,63,64,64,64,64,64,63,64,64,64,64,64,64,63,60,60,62,63,63,63,63,62,62,62,62,62,62,63,64,64,64,64,64,64,64,64,64,64,63,63,61,60,60,60,59,59,61,62,61,61,61,61,61,61,61,60,57,57,56,56,56,56,57,58,58,59,60,60,61,61,61,61,60,60,62,62,62,61,61,62,62,61,61,60,61,61,63,63,63,63,63,63,63,63,64,64,62,62,61,61,62,62,62,62,62,62,62,62,61,61,61,61,62,62
Adamant knife,558,558,558,558,552,552,552,552,552,552,531,531,531,531,531,531,531,519,519,519,519,519,519,531,531,531,531,531,531,534,534,534,534,534,534,534,536,536,536,536,536,536,531,531,531,531,531,524,524,524,524,524,513,513,513,513,513,513,495,495,495,495,495,495,495,479,479,479,479,479,479,479,463,463,463,463,463,463,464,464,464,464,467,467,467,467,467,467,465,465,465,465,465,449,449,449,449,449,437,437,437,437,437,437,437,444,444,444,444,444,444,435,435,435,435,435,435,435,435,424,424,424,424,424,424,424,405,405,405,405,405,405,405,405,403,403,403,403,403,403,403,403,403,394,394,394,394,394,394,394,394,394,394,389,389,389,389,389,389,389,389,389,389,384,384,384,384,384,384,384,384,384,384,379,379,379,379,379,379,379
Adamant throwing axe,484,484,484,484,484,484,484,484,484,484,501,501,501,501,501,501,501,501,501,501,501,501,501,501,501,501,501,501,509,509,509,509,509,509,509,509,509,509,509,509,509,509,509,509,506,506,506,506,506,506,506,506,506,506,506,506,506,491,491,491,491,491,491,491,491,491,491,491,491,472,472,472,472,472,472,472,472,472,472,472,458,458,458,458,458,458,458,458,458,458,458,458,458,458,446,446,446,446,446,446,446,446,446,446,446,446,446,433,433,433,433,433,433,433,433,433,433,433,433,433,433,433,433,420,420,420,420,420,420,420,420,420,420,420,420,420,420,420,420,415,415,415,415,415,415,415,415,415,415,415,415,415,415,415,415,415,397,397,397,397,397,397,397,397,397,397,397,397,397,397,397,397,397,379,379,379,379,379,379,379
Azure skillchompa,172,175,180,180,187,187,189,192,192,198,198,207,207,218,218,229,229,231,231,224,216,216,206,198,191,191,184,178,178,175,175,171,171,171,168,168,165,165,164,164,170,170,170,170,171,171,167,167,160,160,163,163,172,172,178,178,179,179,176,169,169,170,170,171,171,171,171,169,169,168,168,162,162,154,155,155,154,148,148,144,141,141,135,132,132,131,131,137,137,138,138,133,133,134,128,128,129,129,132,134,134,131,135,135,135,135,136,141,137,137,138,144,144,149,150,150,147,152,154,159,159,162,160,161,161,162,157,157,152,158,158,162,165,165,169,169,166,166,162,162,164,156,156,161,167,167,165,160,161,161,158,158,165,165,167,172,165,159,153,150,150,143,143,139,134,136,136,137,137,133,139,143,143,146,146,147,145,145,150,150
Black brutal,88,88,88,88,88,88,88,88,88,88,88,88,88,88,88,88,88,88,88,88,88,88,88,88,88,88,88,88,88,88,88,88,88,88,88,88,88,88,88,88,88,88,88,88,88,88,88,88,88,88,88,88,88,88,88,88,88,88,88,88,88,88,88,88,88,88,88,88,88,88,88,88,88,88,88,88,88,88,88,88,88,88,88,88,88,88,88,88,88,88,88,88,88,88,88,88,88,88,88,88,88,88,88,88,88,88,88,88,88,88,88,88,88,88,88,88,88,88,88,88,88,88,88,88,88,88,88,88,88,88,88,88,88,88,88,88,88,91,91,91,91,91,91,91,91,91,91,91,91,91,91,91,91,91,91,91,91,91,91,91,91,91,91,91,91,91,91,91,91,91,91,91,91,91,91,91,91,91,91,91
Black dart,1340,1340,1340,1340,1340,1340,1340,1340,1340,1340,1340,1340,1340,1340,1340,1340,1340,1340,1340,1340,1340,1340,1340,1340,1340,1340,1340,1340,1340,1340,1340,1340,1340,1340,1340,1340,1340,1340,1340,1340,1340,1340,1340,1340,1340,1340,1340,1340,1340,1340,1340,1340,1340,1340,1340,1340,1340,1340,1340,1340,1340,1340,1340,1340,1340,1340,1340,1340,1340,1340,1340,1340,1340,1340,1340,1340,1340,1340,1340,1340,1340,1340,1340,1340,1340,1340,1340,1340,1388,1388,1388,1388,1388,1388,1388,1388,1388,1388,1388,1388,1388,1388,1388,1388,1388,1388,1388,1388,1388,1388,1388,1388,1388,1388,1388,1388,1388,1388,1388,1388,1388,1388,1388,1388,1388,1388,1388,1388,1388,1388,1388,1388,1388,1388,1388,1388,1388,1388,1388,1388,1388,1388,1388,1388,1388,1388,1388,1388,1388,1388,1388,1388,1388,1388,1388,1388,1388,1388,1388,1388,1388,1388,1388,1388,1388,1388,1388,1388,1388,1388,1388,1388,1388,1388,1388,1388,1388,1388,1388,1388
Black knife,243,243,243,243,243,243,243,243,254,254,254,254,254,254,254,254,254,266,266,266,266,266,266,266,266,274,274,274,274,274,274,274,280,280,280,280,280,280,280,280,280,280,280,280,289,289,289,289,289,289,289,289,289,289,303,303,303,303,303,303,303,303,303,303,317,317,317,317,317,317,317,317,317,322,322,322,322,322,322,322,322,326,326,326,326,326,326,326,326,326,337,337,337,337,337,337,337,337,352,352,352,352,352,352,352,352,352,366,366,366,366,366,366,366,366,366,366,366,382,382,382,382,382,382,382,382,382,382,382,396,396,396,396,396,396,396,396,396,396,396,379,379,379,379,379,379,379,379,379,379,379,390,390,390,390,390,390,390,390,390,390,390,390,397,397,397,397,397,397,397,397,397,397,397,397,402,402,402,402,402
Bolt rack,132,130,127,127,128,128,128,127,127,129,131,131,132,130,130,127,127,126,126,124,123,123,126,128,128,128,128,130,130,131,131,131,131,131,132,132,130,130,129,132,132,132,135,135,134,134,130,130,128,128,127,127,127,127,127,129,129,129,128,129,129,128,128,131,131,131,131,130,130,131,131,133,133,135,135,135,138,138,139,139,145,145,152,155,155,151,151,145,145,142,142,141,141,139,136,136,132,132,129,126,126,128,131,131,130,130,132,134,135,135,134,134,133,131,131,131,131,131,128,128,125,126,126,126,125,125,125,125,125,125,125,124,124,124,126,126,127,127,126,126,127,128,128,128,128,128,128,129,129,134,134,134,134,131,131,130,130,127,127,127,127,127,127,126,126,124,124,124,124,124,124,125,125,127,127,126,126,125,125,125
Bone bolts,24,24,22,22,22,22,22,22,22,20,20,20,20,20,20,20,20,21,21,21,21,21,21,21,22,22,22,22,22,22,22,22,22,22,22,22,22,22,22,22,22,23,23,23,23,23,23,23,23,24,24,24,24,24,24,24,24,23,23,23,23,23,23,23,23,22,22,22,22,22,22,22,22,22,23,23,23,23,23,23,23,23,23,24,24,24,24,24,24,24,24,24,24,24,24,24,24,24,24,24,25,25,25,25,25,25,25,25,25,25,26,26,26,26,26,26,26,26,26,26,26,26,26,26,26,26,26,26,26,26,26,25,25,25,25,25,25,25,25,25,25,27,27,27,27,27,27,27,27,27,27,27,28,28,28,28,28,28,28,28,28,28,28,28,29,29,29,29,29,29,29,29,29,29,29,29,29,29,29,29
Bronze brutal,33,33,33,33,33,33,33,33,33,33,33,33,33,33,33,33,33,33,33,33,33,33,33,33,33,33,33,33,33,33,33,33,33,33,33,33,33,33,33,33,33,33,33,33,33,33,33,33,33,33,33,33,33,33,33,33,33,33,33,33,33,33,33,33,33,33,33,33,33,33,33,33,33,33,33,33,33,33,33,33,33,33,33,33,33,33,33,33,33,33,33,33,33,33,33,33,33,33,33,33,33,33,33,33,33,33,33,33,33,33,33,33,33,33,33,33,33,33,33,33,33,33,33,33,33,33,33,33,33,33,33,33,33,33,33,33,33,33,33,33,33,33,33,33,33,33,33,33,33,33,33,33,33,33,33,33,33,33,33,33,33,33,33,33,33,33,33,33,33,33,33,33,33,33,33,33,33,33,33,33
Bronze dart,75,75,75,75,76,76,76,76,76,76,76,76,76,76,76,76,76,75,75,75,75,75,75,75,75,75,75,75,71,71,71,71,71,71,71,71,71,71,71,68,68,68,68,68,68,68,68,68,68,68,68,67,67,67,67,67,67,67,67,67,67,67,67,67,68,68,68,68,68,68,68,68,68,68,68,68,68,67,67,67,67,67,67,67,67,67,67,67,67,67,66,66,66,66,66,66,66,66,66,66,66,63,63,63,63,63,63,63,63,63,63,63,63,63,64,64,64,64,64,64,64,64,64,64,64,64,64,64,64,66,66,66,66,66,66,66,66,66,66,66,66,66,66,66,66,68,68,68,68,68,68,68,68,68,68,68,68,68,68,68,68,68,68,68,68,68,68,68,68,68,68,68,68,68,68,68,68,68,68,68
Bronze javelin,53,53,51,51,51,51,51,51,51,50,50,50,50,50,50,48,48,48,48,48,48,45,45,45,45,43,43,43,43,42,42,42,42,42,42,42,42,42,45,45,45,45,45,45,45,45,48,48,48,48,48,48,48,48,51,51,51,51,51,51,51,51,54,54,54,54,54,54,54,54,54,57,57,57,57,57,57,57,57,59,59,59,59,59,59,59,61,61,61,61,61,61,61,61,62,62,62,62,62,62,62,62,66,66,66,66,66,66,66,66,66,68,68,68,68,68,68,68,68,68,71,71,71,71,71,71,71,71,72,72,72,72,72,72,72,72,72,72,72,72,72,72,72,72,72,69,69,69,69,69,69,69,69,69,69,69,69,69,69,69,69,69,69,69,69,69,69,69,69,69,69,67,67,67,67,67,67,67,67,65
Bronze knife,16,16,16,17,17,17,17,17,17,17,17,17,17,17,17,18,18,18,18,18,18,18,18,18,18,18,18,19,19,19,19,19,19,19,19,19,19,19,19,20,20,20,20,20,20,20,20,20,20,20,20,20,20,20,20,20,20,20,20,20,20,21,21,21,21,21,21,21,21,21,21,21,21,22,22,22,22,22,22,22,22,22,22,22,22,23,23,23,23,23,23,23,23,23,23,23,23,24,24,24,24,24,24,24,24,24,24,24,24,24,24,25,25,25,25,25,25,25,25,25,25,25,25,25,25,25,25,25,26,26,26,26,26,26,26,26,26,26,26,26,26,27,27,27,27,27,27,27,27,27,27,27,27,27,27,27,27,27,28,28,28,28,28,28,28,28,28,28,28,28,28,28,28,28,30,30,30,30,30,30
Bronze throwing axe,27,27,27,27,27,27,27,28,28,28,28,28,28,28,28,28,28,28,28,28,28,28,28,28,28,28,28,28,29,29,29,29,29,29,29,29,29,29,29,29,29,29,29,29,29,29,31,31,31,31,31,31,31,31,31,31,31,31,31,31,31,31,31,33,33,33,33,33,33,33,33,33,33,33,33,33,33,33,33,33,33,33,35,35,35,35,35,35,35,35,35,35,35,35,35,35,35,35,35,35,35,35,36,36,36,36,36,36,36,36,36,36,36,36,36,36,36,36,36,36,36,36,36,36,36,36,36,36,36,36,36,36,36,36,36,36,36,36,36,36,36,36,36,36,36,36,36,36,36,36,36,36,36,36,36,36,36,36,36,36,36,36,36,36,36,36,36,36,36,36,36,36,36,36,36,36,36,36,36,36
Cannonball,402,411,410,412,416,426,436,433,439,457,471,462,455,443,436,430,425,417,407,404,411,418,424,419,413,416,426,427,442,451,444,449,429,407,386,366,348,333,324,328,334,339,343,351,357,346,334,325,320,321,322,326,328,331,333,334,333,329,324,323,313,305,301,302,304,312,317,322,329,338,338,345,344,347,351,350,352,352,352,353,358,356,351,348,348,350,348,348,343,345,342,344,341,343,336,343,345,340,343,345,344,350,353,352,352,351,353,356,357,354,355,360,363,364,373,372,378,377,376,375,378,377,378,383,383,382,375,367,368,367,363,361,363,363,365,365,369,367,363,358,353,346,346,344,338,340,342,339,336,338,338,337,339,342,339,344,354,355,351,359,361,360,365,364,360,362,356,351,343,346,348,352,355,354,356,356,360,364,368,371
Chinchompa,743,727,723,710,744,771,808,844,841,820,804,770,741,724,713,690,676,680,689,684,692,666,675,683,669,662,644,648,654,657,667,664,651,647,647,641,639,633,614,600,578,575,572,564,557,542,547,553,564,549,562,564,578,564,558,567,573,571,593,603,633,657,685,713,735,729,717,709,692,685,671,669,660,670,675,679,669,654,639,632,611,613,611,609,621,621,613,602,600,613,622,628,646,637,635,638,638,630,634,620,618,609,604,604,596,597,600,601,612,620,619,612,601,598,591,577,576,582,575,573,586,581,591,590,582,585,581,587,585,573,571,580,577,571,568,557,553,564,563,553,549,542,536,536,533,534,526,538,540,531,531,537,540,540,533,534,524,519,523,532,524,520,517,518,513,514,511,513,507,504,502,507,509,502,495,493,500,516,507,507
Cobalt skillchompa,165,165,163,163,167,167,167,167,171,171,175,175,175,181,181,189,189,190,190,194,189,189,183,183,179,179,175,175,173,166,166,159,159,159,152,152,152,152,152,155,155,155,157,157,159,159,154,154,149,149,143,143,137,137,133,133,130,130,125,123,123,119,119,121,121,127,127,125,125,122,122,122,122,119,119,115,112,112,109,104,100,100,104,104,104,107,107,107,107,104,104,102,102,105,100,100,98,98,97,97,100,100,101,101,97,97,95,95,96,96,92,91,91,89,89,94,94,99,99,104,104,110,110,114,114,119,119,118,118,121,121,116,114,114,113,113,116,116,114,114,113,110,110,110,110,113,113,116,116,114,112,112,108,108,105,105,101,104,104,102,102,98,98,100,100,104,104,101,101,101,100,100,105,105,110,110,108,108,109,109
Corrupt Morrigan's javelin,2575,2575,2575,2575,2575,2575,2575,2575,2575,2575,2575,2575,2575,2575,2575,2575,2575,2575,2575,2575,2575,2575,2575,2447,2447,2447,2447,2447,2447,2447,2447,2447,2447,2447,2447,2447,2447,2447,2447,2447,2447,2447,2447,2447,2447,2447,2447,2447,2447,2447,2447,2447,2447,2447,2447,2447,2447,2447,2447,2447,2447,2447,2447,2447,2447,2447,2447,2447,2447,2447,2447,2447,2447,2447,2447,2447,2447,2447,2447,2447,2447,2447,2447,2447,2447,2447,2447,2447,2447,2447,2447,2447,2447,2447,2447,2447,2447,2447,2447,2447,2447,2447,2447,2447,2330,2330,2330,2330,2330,2330,2330,2330,2330,2330,2330,2330,2330,2330,2330,2330,2330,2330,2330,2330,2330,2330,2330,2330,2330,2330,2330,2330,2330,2330,2330,2330,2330,2330,2330,2330,2330,2330,2330,2330,2330,2330,2330,2330,2330,2330,2330,2330,2330,2330,2330,2330,2221,2221,2221,2221,2221,2221,2221,2221,2221,2221,2221,2221,2221,2221,2221,2221,2221,2221,2221,2221,2221,2221,2221,2221
Corrupt Morrigan's throwing axe,1929,1929,1929,1929,1929,1929,1929,1929,1929,1929,1929,1929,1929,1929,1929,1929,1929,1929,1929,1929,1929,1929,1929,1929,1929,1929,1929,1929,1929,1929,1929,1929,1929,1929,1929,1929,1929,1929,1929,1929,1929,1929,1929,1929,1929,1929,1929,1929,1929,1837,1837,1837,1837,1837,1837,1837,1837,1837,1837,1837,1837,1837,1837,1837,1837,1837,1837,1837,1837,1837,1837,1837,1837,1837,1837,1837,1837,1837,1837,1837,1837,1837,1837,1837,1837,1837,1837,1837,1837,1837,1837,1837,1837,1837,1837,1837,1837,1837,1837,1837,1837,1837,1837,1837,1837,1837,1837,1837,1837,1837,1837,1837,1837,1837,1837,1837,1837,1837,1756,1756,1756,1756,1756,1756,1756,1756,1756,1756,1756,1756,1756,1756,1756,1756,1756,1756,1756,1756,1756,1756,1756,1756,1756,1756,1756,1756,1756,1756,1756,1756,1756,1756,1756,1756,1756,1756,1756,1756,1756,1756,1756,1756,1756,1756,1756,1756,1756,1756,1756,1756,1756,1756,1756,1756,1756,1756,1756,1756,1756,1756
Crimson skillchompa,281,295,298,298,311,311,322,332,332,324,324,316,316,320,320,310,310,303,303,300,295,295,297,291,289,289,291,291,282,280,280,276,276,276,278,278,290,290,295,295,295,295,290,290,289,289,285,285,282,282,292,292,297,297,312,312,328,328,336,336,336,337,337,327,327,330,330,328,328,341,341,344,344,345,345,340,329,317,317,312,306,306,293,294,294,291,291,296,296,305,305,305,305,303,304,304,309,309,308,312,312,319,335,335,320,315,317,313,313,320,328,328,332,343,343,348,337,337,334,327,327,319,311,299,299,297,305,305,306,315,315,324,327,327,338,338,340,340,344,344,358,358,358,357,357,359,374,388,388,385,379,379,393,393,411,411,415,415,436,436,458,478,478,500,507,507,506,493,493,471,452,436,436,416,416,399,387,387,374,364
Crystal skillchompa,506,516,523,536,540,517,508,509,489,486,488,506,501,508,511,510,506,494,479,480,487,483,484,478,475,466,470,474,469,464,464,480,494,500,505,517,507,503,494,487,484,493,508,518,516,514,519,520,525,544,555,568,589,615,643,674,692,696,672,639,610,590,560,539,519,512,526,547,572,595,616,609,587,566,578,593,577,567,557,555,553,537,523,528,528,535,538,543,554,556,563,575,585,589,589,587,562,554,539,534,548,564,569,582,590,602,603,590,576,579,580,588,600,593,594,581,586,576,577,590,605,599,603,593,594,602,609,601,609,592,584,576,587,587,599,595,609,626,627,612,596,578,577,568,567,573,593,605,611,602,616,610,613,614,603,586,566,575,584,594,597,593,584,572,563,548,533,511,500,490,483,473,473,485,491,491,483,470,451,431
Dragon dart,103,103,107,107,107,107,107,113,113,113,113,113,118,118,118,118,118,123,123,123,123,123,127,127,127,127,129,129,129,129,129,129,129,129,129,129,129,130,130,130,130,130,131,131,131,131,131,134,134,134,134,134,134,134,134,134,134,136,136,136,136,136,136,137,137,137,137,137,138,138,138,138,138,139,139,139,139,139,137,137,130,130,130,125,125,125,125,131,131,131,131,137,137,137,137,137,140,140,140,140,142,142,142,142,142,142,147,147,147,147,147,148,148,148,148,148,148,149,149,149,149,149,149,151,151,151,151,151,151,151,154,154,154,154,154,154,155,155,155,155,155,155,154,154,154,154,154,154,156,156,156,156,156,156,156,153,153,153,153,153,153,148,148,148,148,148,148,149,149,149,149,149,149,152,152,152,152,152,152,151
Dragon javelin,450,450,450,450,450,450,450,450,450,450,450,450,450,450,450,450,450,450,450,450,450,450,450,450,450,450,450,450,450,450,450,450,450,450,450,450,450,450,450,450,450,450,450,450,450,450,450,450,441,441,441,441,441,441,441,441,441,441,441,441,441,441,441,441,441,441,441,441,441,441,441,441,441,441,441,441,441,441,441,441,441,441,441,441,441,441,441,441,441,441,441,430,430,430,430,430,430,430,430,430,430,430,430,430,430,430,430,430,430,430,430,430,430,430,430,430,430,430,430,430,430,430,430,430,430,430,430,430,430,430,430,430,430,430,430,430,430,430,422,422,422,422,422,422,422,422,422,422,422,422,422,422,422,422,422,422,422,422,422,422,422,422,422,422,422,422,422,422,422,422,422,422,422,422,422,422,422,422,422,422
Dragon knife,1126,1126,1126,1126,1126,1126,1137,1137,1137,1137,1151,1151,1151,1151,1151,1151,1132,1132,1132,1132,1132,1118,1118,1118,1118,1118,1131,1131,1131,1131,1131,1134,1134,1134,1134,1134,1134,1134,1152,1152,1152,1152,1152,1152,1160,1160,1160,1160,1160,1160,1152,1152,1152,1152,1152,1152,1156,1156,1156,1156,1156,1167,1167,1167,1167,1167,1167,1159,1159,1159,1159,1159,1159,1181,1181,1181,1181,1181,1200,1200,1200,1200,1233,1233,1233,1233,1233,1233,1270,1270,1270,1270,1270,1270,1286,1286,1286,1286,1286,1286,1330,1330,1330,1330,1330,1330,1366,1366,1366,1366,1366,1366,1366,1373,1373,1373,1373,1373,1373,1373,1394,1394,1394,1394,1394,1394,1394,1436,1436,1436,1436,1436,1436,1436,1483,1483,1483,1483,1483,1483,1483,1439,1439,1439,1439,1439,1439,1439,1439,1443,1443,1443,1443,1443,1443,1443,1443,1457,1457,1457,1457,1457,1457,1457,1457,1451,1451,1451,1451,1451,1451,1451,1451,1472,1472,1472,1472,1472,1472,1472
Dragon throwing axe,242,242,242,242,242,242,247,247,247,247,243,243,243,243,243,243,246,246,246,246,246,246,249,249,249,249,249,249,249,249,249,247,247,247,247,247,247,247,251,251,251,251,251,255,255,255,255,253,253,253,253,255,255,255,255,257,257,257,257,264,264,264,264,264,264,266,266,266,266,266,265,265,265,265,275,275,275,275,275,281,281,281,287,287,287,287,287,286,286,286,286,286,294,294,294,294,300,300,300,300,300,304,304,304,304,304,309,309,309,309,309,307,307,307,307,307,307,314,314,314,314,314,316,316,316,316,316,316,322,322,322,322,322,322,320,320,320,320,320,320,331,331,331,331,331,331,328,328,328,328,328,328,328,327,327,327,327,327,327,324,324,324,324,324,324,330,330,330,330,330,330,324,324,324,324,324,324,324,325,325
Guam tar,65,63,63,63,63,63,63,63,63,63,63,63,63,63,63,63,63,63,63,63,63,63,63,63,63,63,63,63,63,63,63,63,63,63,63,63,63,63,63,63,63,63,63,63,63,63,63,63,61,61,61,61,61,61,61,61,61,61,61,61,61,61,61,61,61,61,61,61,61,61,61,61,61,61,61,61,61,61,61,61,61,61,61,61,61,61,61,61,61,61,61,61,61,61,61,61,61,61,61,61,61,61,61,61,61,61,61,61,61,61,61,61,61,61,61,61,61,61,61,61,61,61,61,61,61,61,61,61,61,61,61,61,61,61,61,61,61,61,61,61,61,63,63,63,63,63,63,63,63,63,63,63,63,63,63,63,63,63,63,63,63,63,63,63,63,63,63,63,63,63,63,63,63,63,63,63,63,63,63,63
Hand cannon shot,148,148,148,148,148,148,148,148,148,148,148,148,148,148,148,148,148,149,149,149,149,149,149,148,148,148,148,148,148,148,148,148,147,147,147,148,148,148,148,148,148,148,148,148,149,149,149,149,149,149,149,149,149,149,149,149,149,149,149,149,149,149,149,150,150,150,150,150,150,150,150,149,149,149,149,149,149,149,149,148,148,148,148,148,148,148,148,148,148,148,148,148,148,148,149,149,149,149,149,149,149,149,150,150,150,150,150,150,150,150,148,148,148,148,148,148,148,148,149,149,149,149,149,149,149,148,148,148,148,148,148,148,148,148,148,148,148,148,148,148,148,148,148,148,148,148,148,148,148,148,148,149,149,149,149,149,149,149,149,149,149,150,150,150,150,150,150,150,150,150,149,149,149,149,149,149,149,149,149,149
Harralander tar,180,178,178,176,176,171,171,168,168,165,165,159,159,153,153,149,149,147,147,148,148,147,147,150,150,150,150,151,151,154,154,150,150,150,144,144,144,148,148,155,155,158,158,157,157,159,159,161,161,166,166,170,170,171,171,173,173,173,179,179,186,186,187,187,191,191,196,196,203,203,211,211,216,216,226,226,231,231,227,227,215,215,204,204,193,188,188,181,181,183,183,186,186,186,186,186,186,186,191,191,194,194,199,199,199,203,203,210,210,220,220,230,230,230,238,238,238,238,238,238,244,244,254,254,254,261,261,261,270,270,270,277,277,277,280,280,280,276,276,276,268,268,268,258,258,258,246,246,235,235,235,232,232,232,230,230,238,238,238,235,235,235,239,239,244,244,244,244,244,244,244,244,244,243,243,243,247,247,247,257
Iron brutal,20,20,20,20,20,20,20,20,20,20,20,20,20,20,20,20,20,20,20,20,20,20,20,20,20,20,20,20,20,20,20,20,20,20,20,20,20,20,20,20,20,20,20,20,20,20,20,20,20,20,20,20,20,20,20,20,20,20,20,20,20,20,20,20,20,20,20,20,20,20,20,20,20,20,20,20,20,19,19,19,19,19,19,19,19,19,19,19,19,19,19,19,19,19,19,19,19,19,19,19,19,19,19,19,19,19,19,19,19,19,19,19,19,19,19,19,19,19,19,19,19,19,19,19,19,19,19,19,19,19,19,19,19,19,19,19,19,19,19,19,19,19,19,19,19,19,19,19,19,19,19,19,19,19,19,19,19,19,19,19,19,19,19,19,19,19,19,19,19,19,19,19,19,19,19,19,19,19,19,19
Iron dart,36,36,36,36,36,36,36,36,36,36,36,36,36,36,36,36,36,36,36,36,36,36,36,36,36,36,36,36,36,36,36,36,36,36,36,36,36,36,36,36,36,36,36,36,36,36,36,36,36,36,36,36,36,36,36,36,36,36,36,36,36,36,36,36,36,36,36,36,36,35,35,35,35,35,35,35,35,35,35,35,35,35,35,35,35,35,35,35,35,35,35,35,36,36,36,36,36,36,36,36,36,36,36,36,36,36,36,36,36,36,36,36,36,36,36,36,36,36,36,36,36,36,36,36,36,36,36,36,36,36,36,36,36,36,36,36,36,36,36,36,36,36,36,36,35,35,35,35,35,35,35,35,35,35,35,35,35,35,35,35,35,35,35,35,35,35,35,35,35,35,35,35,35,35,35,35,35,35,35,35
Iron javelin,25,25,25,25,25,25,25,25,25,25,25,25,25,25,25,24,24,24,24,24,24,24,24,24,24,24,24,24,24,24,24,24,24,24,24,24,24,24,24,24,24,24,23,23,23,23,23,23,23,23,23,23,23,23,23,23,23,23,23,23,23,23,23,23,23,23,23,23,23,23,23,24,24,24,24,24,24,24,24,24,24,24,24,24,24,24,24,24,24,24,24,24,24,24,24,24,24,24,24,24,24,24,24,24,24,24,24,24,24,24,24,24,24,24,24,24,24,24,24,24,24,24,24,24,24,24,24,24,24,24,24,24,24,24,24,24,24,24,24,24,24,24,24,24,24,24,24,24,24,24,24,24,24,24,24,24,24,24,24,24,24,24,24,24,24,24,24,24,24,24,24,24,25,25,25,25,25,25,25,25
Iron knife,35,35,35,35,36,36,36,36,36,36,36,36,36,36,36,36,36,36,36,36,36,36,36,37,37,37,37,37,37,37,37,37,37,37,37,37,37,37,37,37,37,37,37,37,37,37,37,37,37,37,37,37,37,37,37,37,37,37,37,37,37,37,37,37,37,37,37,37,37,37,37,37,37,37,37,37,37,37,37,37,37,37,37,38,38,38,38,38,38,38,38,38,38,38,39,39,39,39,39,39,39,39,39,39,39,39,40,40,40,40,40,40,40,40,40,40,40,41,41,41,41,41,41,41,41,41,41,41,41,41,42,42,42,42,42,42,42,42,42,42,42,42,42,42,42,42,42,42,42,42,42,42,42,42,42,42,42,42,42,43,43,43,43,43,43,43,43,43,43,43,43,43,43,43,44,44,44,44,44,44
Iron throwing axe,41,41,41,41,41,41,41,41,41,41,41,41,41,41,41,42,42,42,42,42,42,43,44,45,46,46,47,48,48,50,50,50,50,50,50,50,50,50,50,50,50,50,50,50,50,50,50,50,50,50,51,51,51,51,51,51,51,51,51,51,51,51,51,51,51,51,51,51,51,51,51,51,51,51,51,51,51,51,51,51,51,51,51,51,51,51,51,51,51,51,51,51,51,51,51,51,51,51,51,51,51,51,51,51,51,51,51,51,51,50,50,50,50,50,50,50,50,50,50,50,50,50,50,50,50,50,50,50,50,50,50,50,50,50,50,50,50,50,50,50,50,50,50,50,50,49,49,49,49,49,49,49,49,49,49,49,49,49,49,49,49,49,49,49,49,49,49,49,49,49,49,49,49,49,49,49,49,49,49,49
Kebbit bolts,26,26,26,26,26,26,26,25,25,25,25,25,25,25,25,24,24,24,24,24,24,24,24,25,25,25,25,25,25,25,25,25,25,25,25,25,25,25,25,25,25,25,24,24,24,24,24,24,24,24,24,24,24,24,24,24,24,24,24,24,24,25,25,25,25,25,25,25,25,25,26,26,26,26,26,26,26,26,26,27,27,27,27,27,27,27,27,27,28,28,28,28,28,28,28,28,28,28,28,28,28,28,28,28,28,28,28,30,30,30,30,30,30,30,30,30,30,30,30,32,32,32,32,32,32,32,32,32,32,32,33,33,33,33,33,33,33,33,33,33,33,35,35,35,35,35,35,35,35,35,35,35,35,35,35,35,35,35,35,35,35,35,35,35,35,36,36,36,36,36,36,36,36,36,36,36,36,36,37,37
Long kebbit bolts,68,68,68,68,68,68,68,68,68,68,68,68,68,68,68,68,68,68,68,68,68,68,68,68,68,68,68,68,68,68,68,68,68,68,68,68,68,68,68,68,68,68,68,68,68,68,68,68,68,68,68,68,68,68,68,68,68,68,68,67,67,67,67,67,67,67,67,67,67,67,67,67,67,67,67,67,67,67,67,67,67,67,67,67,67,67,67,67,67,67,67,67,67,67,67,67,67,67,67,67,67,67,67,67,67,67,67,67,67,67,67,67,67,67,67,67,67,67,67,67,67,67,67,67,67,67,67,67,67,67,67,67,67,67,67,67,67,67,67,67,67,67,67,67,67,67,67,67,67,67,67,67,67,67,67,67,67,67,67,67,67,67,67,67,67,67,67,67,67,67,67,67,67,67,67,67,67,67,67,67
Marrentill tar,124,124,124,124,124,124,124,120,120,120,120,120,120,120,120,120,120,120,120,120,120,120,120,120,120,120,120,120,120,120,120,120,120,118,118,118,118,118,118,118,118,118,118,118,118,118,118,118,118,118,118,118,118,118,118,118,118,118,118,118,118,118,118,118,118,118,118,117,117,117,117,117,117,117,117,117,117,117,117,117,117,117,117,117,117,117,117,117,117,117,117,117,117,117,117,117,117,117,115,115,115,115,115,115,115,115,115,115,115,115,115,115,115,115,115,115,115,115,115,115,115,115,115,115,115,115,115,115,115,115,115,115,115,115,115,115,115,115,115,115,115,115,115,115,115,115,115,115,115,115,115,115,115,115,115,115,115,115,115,115,115,115,115,115,115,115,115,115,115,115,115,115,115,115,115,117,117,117,117,117
Mechanised chinchompa,6563,6563,6390,6390,6390,6347,6347,6515,6515,6661,6661,6661,6560,6560,6560,6719,6719,6719,6801,6801,6801,6594,6594,6594,6698,6698,6698,6683,6683,6481,6481,6481,6291,6291,6291,6069,6069,6000,6000,6012,6012,6064,6064,6218,6218,6459,6459,6682,6682,6950,6950,7185,7185,7028,7028,6823,6823,6823,6941,6941,6775,6775,6775,6805,6805,6815,6815,6742,6742,6742,6494,6494,6257,6257,6232,6232,6118,6118,6118,6087,6087,6226,6226,6405,6405,6460,6460,6357,6357,6460,6460,6473,6473,6473,6328,6328,6273,6273,6278,6278,6431,6431,6303,6303,6303,6163,6163,6010,6010,5932,5932,5886,5886,5911,5911,5911,5808,5808,5663,5663,5663,5844,5844,5916,5916,5916,5973,5973,5973,5906,5906,5824,5824,5872,5872,5765,5765,5638,5638,5638,5558,5558,5659,5659,5659,5827,5827,5798,5798,5798,5709,5709,5709,5630,5630,5630,5608,5608,5608,5687,5687,5687,5705,5705,5754,5754,5754,5671,5671,5671,5594,5594,5526,5526,5526,5455,5455,5455,5486,5486
Mithril brutal,411,411,411,411,411,411,411,411,411,411,411,411,411,411,411,411,411,411,411,411,411,411,411,411,405,405,405,405,405,405,405,405,405,405,405,405,405,405,405,405,405,405,405,405,405,405,405,405,404,404,404,404,404,404,404,404,404,404,404,404,404,404,404,404,404,404,404,404,404,404,404,404,404,404,409,409,409,409,409,409,409,409,409,409,409,409,409,409,409,409,409,409,409,409,409,409,409,409,409,409,409,409,415,415,415,415,415,415,415,415,415,415,415,415,415,415,415,415,415,415,415,415,415,415,415,415,415,415,415,415,415,415,415,415,415,415,415,424,424,424,424,424,424,424,424,424,424,424,424,424,424,424,424,424,424,424,424,424,424,424,424,424,424,424,424,424,424,424,424,424,424,424,424,424,423,423,423,423,423,423
Mithril dart,22,22,23,23,23,23,23,24,24,24,24,24,24,24,24,24,24,24,24,25,25,25,25,25,25,25,25,25,25,24,24,24,24,24,24,24,24,24,24,24,24,24,24,24,24,25,25,25,25,25,26,26,26,26,26,27,27,27,27,27,27,27,27,27,27,28,28,28,28,28,28,28,28,28,28,28,28,28,28,28,27,27,27,27,27,27,27,27,27,27,27,27,27,27,28,28,28,28,28,29,29,29,29,29,30,30,30,30,30,30,30,30,30,30,31,31,31,31,31,31,31,31,31,31,31,31,31,31,31,31,31,31,31,31,31,31,31,31,32,32,32,32,32,32,32,33,33,33,33,33,34,34,34,34,34,34,34,34,34,34,34,34,34,34,35,35,35,35,35,35,35,34,34,34,34,34,34,34,34,34
Mithril grapple,966,962,962,961,961,961,963,963,963,974,974,974,981,981,981,980,980,980,975,975,990,990,990,976,976,985,985,964,964,950,950,952,952,952,961,961,961,963,963,984,984,984,981,981,969,969,979,979,979,996,996,996,1017,1017,1017,1033,1033,1033,1052,1052,1070,1070,1070,1101,1101,1101,1116,1116,1116,1138,1138,1138,1186,1186,1196,1196,1231,1231,1231,1231,1293,1293,1357,1357,1357,1425,1425,1425,1497,1497,1571,1571,1571,1650,1650,1733,1733,1733,1755,1755,1755,1724,1724,1724,1811,1811,1811,1902,1902,1902,1998,1998,1998,2054,2054,2054,2089,2089,2089,2106,2106,2106,2100,2100,2100,2028,2028,2028,1954,1954,2024,2024,2078,2078,2078,2139,2139,2139,2160,2160,2160,2168,2168,2168,2158,2158,2158,2170,2170,2170,2177,2177,2177,2177,2149,2149,2149,2193,2193,2193,2227,2227,2227,2256,2256,2256,2328,2328,2328,2328,2389,2389,2389,2431,2431,2431,2460,2460,2460,2505
Mithril javelin,71,71,70,70,70,70,70,70,70,70,70,70,70,70,70,70,70,70,70,70,70,70,70,70,70,72,72,72,72,72,72,72,75,75,75,75,75,75,75,75,75,75,75,75,75,75,75,75,75,75,75,75,75,75,75,76,76,76,76,76,76,76,76,76,76,76,75,75,75,75,75,75,75,75,75,75,76,76,76,76,76,76,76,76,76,77,77,77,77,77,77,77,77,77,77,77,80,80,80,80,80,80,80,80,80,80,83,83,83,83,83,83,83,83,83,83,83,85,85,85,85,85,85,85,85,85,85,85,86,86,86,86,86,86,86,86,86,86,90,90,90,90,90,90,90,90,90,90,90,90,89,89,89,89,89,89,89,89,89,89,89,89,89,89,89,89,89,89,89,89,89,89,89,89,89,89,89,89,89,89
Mithril knife,292,292,292,292,292,292,292,292,290,290,290,290,290,290,290,290,290,290,289,289,289,289,289,289,289,289,280,280,280,280,280,280,280,280,275,275,275,275,275,275,275,275,268,268,268,268,268,268,261,261,261,261,261,261,261,248,248,248,248,248,248,248,248,237,237,237,237,237,237,237,237,237,238,238,238,238,238,238,238,238,239,239,239,239,239,239,239,239,239,239,239,239,239,239,239,238,238,238,238,238,238,238,238,237,237,237,237,237,237,237,237,237,235,235,235,235,235,235,235,235,235,235,234,234,234,234,234,234,234,234,234,234,234,234,235,235,235,235,235,235,235,235,235,235,235,235,235,231,231,231,231,231,231,231,231,231,231,231,231,231,231,234,234,234,234,234,234,234,234,234,234,234,234,234,234,232,232,232,232,232
Mithril throwing axe,254,254,254,254,254,254,254,254,254,254,254,254,254,253,253,253,253,253,253,253,253,253,253,253,253,253,253,253,253,250,250,250,250,250,250,250,250,250,250,250,250,250,250,243,243,243,243,243,243,243,243,243,243,243,233,233,233,233,233,233,233,233,233,233,233,233,233,233,233,228,228,228,228,228,228,228,228,228,228,228,228,228,228,228,224,224,224,224,224,224,224,224,224,224,224,224,224,224,223,223,223,223,223,223,223,223,223,223,223,223,223,223,223,223,223,223,218,218,218,218,218,218,218,218,218,218,218,218,218,218,218,218,218,218,218,218,212,212,212,212,212,212,212,212,212,212,212,212,212,212,212,212,212,212,212,212,212,212,205,205,205,205,205,205,205,205,205,205,205,205,205,205,205,205,205,205,205,205,205,205
Morrigan's javelin,8006,8006,8006,8006,8006,8006,8006,8006,8006,8006,8006,8006,8006,8006,8006,8006,8006,8006,8006,7615,7615,7615,7615,7615,7615,7615,7615,7615,7615,7615,7615,7615,7615,7615,7615,7615,7615,7615,7615,7615,7615,7615,7615,7615,7615,7615,7615,7615,7615,7615,7615,7615,7615,7615,7615,7615,7615,7615,7615,7615,7615,7615,7615,7615,7615,7615,7615,7615,7615,7262,7262,7262,7262,7262,7262,7262,7262,7262,7262,7262,7262,7262,7262,7262,7262,7262,7262,7262,7262,7262,7262,7262,7262,7262,7262,7262,7262,7262,7262,7262,7262,7262,7262,7262,7262,7262,7262,7262,7262,6943,6943,6943,6943,6943,6943,6943,6943,6943,6943,6943,6943,6943,6943,6943,6943,6943,6943,6943,6943,6943,6943,6943,6943,6943,6943,6943,6943,6943,6943,6943,6943,6943,6943,6943,6943,6943,6943,6717,6717,6717,6717,6717,6717,6717,6717,6717,6717,6717,6717,6717,6717,6717,6717,6717,6717,6717,6717,6717,6717,6717,6717,6717,6717,6717,6717,6717,6717,6717,6717,6717
Morrigan's throwing axe,9234,9234,9234,9234,9234,9234,9234,9234,9234,9234,9234,9234,9234,9234,9234,9234,9234,9234,9234,8784,8784,8784,8784,8784,8784,8784,8784,8784,8784,8784,8784,8784,8784,8784,8784,8784,8784,8784,8784,8784,8784,8784,8784,8784,8784,8784,8784,8784,8784,8784,8784,8362,8362,8362,8362,8362,8362,8362,8362,8362,8362,8362,8362,8362,8362,8362,8362,8362,8362,8362,8362,8362,8362,8362,8362,8362,8362,8362,8362,8362,8362,8362,8362,8362,8362,7956,7956,7956,7956,7956,7956,7956,7956,7956,7956,7956,7956,7956,7956,7956,7956,7956,7956,7956,7956,7956,7956,7581,7581,7581,7581,7581,7581,7581,7581,7581,7581,7581,7581,7581,7581,7581,7581,7581,7581,7581,7581,7581,7581,7581,7581,7256,7256,7256,7256,7256,7256,7256,7256,7256,7256,7256,7256,7256,7256,7256,7256,7256,7256,7256,7256,7256,7256,7256,7256,7256,7256,7256,7256,7256,7256,7256,7256,7256,7256,6906,6906,6906,6906,6906,6906,6906,6906,6906,6906,6906,6906,6906,6906,6906
Off-hand adamant dart,42,42,42,44,44,44,44,44,44,43,43,43,43,43,44,44,44,42,42,42,43,43,43,43,44,44,44,45,45,45,46,46,46,46,45,45,45,45,45,44,44,44,44,45,45,45,45,47,47,47,47,47,47,47,45,45,45,45,46,46,46,46,48,48,48,48,49,49,49,51,51,51,51,53,53,53,56,56,56,56,58,58,58,58,58,58,58,58,58,58,58,58,58,58,60,60,60,60,60,61,61,61,61,61,64,64,64,64,67,67,67,67,67,70,70,70,70,70,73,73,73,73,76,76,76,76,76,77,77,77,77,77,77,77,77,77,77,78,78,78,78,78,78,78,78,78,78,78,78,78,78,78,78,78,78,80,80,80,80,79,79,79,79,79,81,81,81,81,81,82,82,82,82,80,80,80,80,80,79,79
Off-hand adamant knife,342,342,342,342,342,342,342,342,342,342,342,342,342,342,342,342,334,334,334,334,334,334,334,334,334,334,334,334,334,334,334,334,334,334,334,329,329,329,329,329,329,329,329,329,329,329,329,329,329,329,329,329,329,329,329,333,333,333,333,333,333,333,333,333,333,333,333,333,333,333,333,333,333,333,333,333,333,333,333,334,334,334,334,334,334,334,334,334,334,334,334,334,334,334,334,334,334,334,334,334,334,342,342,342,342,342,342,342,342,342,342,342,342,342,342,342,342,342,342,342,342,342,342,342,342,342,342,342,342,350,350,350,350,350,350,350,350,350,350,350,350,350,350,350,350,350,350,350,350,350,350,350,350,350,350,350,350,350,350,350,350,350,350,350,350,350,350,356,356,356,356,356,356,356,356,356,356,356,356,356
Off-hand adamant throwing axe,119,119,119,119,119,119,119,119,119,119,119,119,119,119,119,119,121,121,121,121,121,121,121,121,121,121,121,121,121,121,121,121,121,121,121,121,121,121,121,121,121,121,121,121,121,121,121,121,121,121,121,121,121,121,121,121,121,121,121,121,121,121,121,121,121,121,121,121,121,121,121,121,121,125,125,125,125,125,125,125,125,125,125,125,125,125,125,125,125,125,125,125,125,125,125,125,125,125,125,125,125,125,125,125,125,125,125,125,125,125,125,125,125,125,125,125,125,125,125,125,131,131,131,131,131,131,131,131,131,131,131,131,131,131,131,131,131,131,131,131,131,131,131,131,131,131,131,131,131,131,131,131,131,131,131,131,131,131,131,131,131,131,131,131,131,131,131,131,131,131,131,131,131,131,131,131,131,131,135,135
Off-hand black dart,94,94,94,94,94,94,94,94,94,94,94,94,94,94,94,94,94,94,94,94,94,94,94,94,94,94,94,94,94,94,94,94,94,94,94,94,94,94,94,94,94,94,94,94,94,94,94,94,94,94,94,94,94,94,94,94,94,94,94,94,94,94,94,94,94,94,94,94,94,94,94,94,94,94,94,94,94,94,94,94,94,94,94,98,98,98,98,98,98,98,98,98,98,98,98,98,98,98,98,98,98,98,98,98,98,98,98,98,98,98,98,98,98,98,98,98,98,98,98,98,98,98,98,98,98,98,98,98,98,98,98,98,98,98,98,98,98,98,98,98,98,98,98,98,98,98,98,98,98,98,98,98,98,98,98,98,98,98,98,98,98,98,98,98,98,98,98,98,98,98,98,98,98,98,98,98,98,98,98,98
Off-hand black knife,89,89,89,89,89,89,89,89,89,89,89,89,89,91,91,91,91,91,91,91,91,91,91,91,91,91,91,91,91,91,91,91,91,91,91,91,91,91,91,91,91,91,91,91,91,91,91,91,91,91,91,91,91,91,91,91,91,91,91,93,93,93,93,93,93,93,93,93,93,93,93,93,93,93,93,93,93,93,93,93,93,93,93,93,93,93,93,93,93,93,97,97,97,97,97,97,97,97,97,97,97,97,97,102,102,102,102,102,102,102,102,102,102,102,102,102,102,102,102,102,107,107,107,107,107,107,107,107,107,107,107,107,107,107,107,107,107,111,111,111,111,111,111,111,111,111,111,111,111,111,111,111,111,111,111,111,111,113,113,113,113,113,113,113,113,113,113,113,113,113,113,113,113,113,113,113,113,114,114,114
Off-hand bronze dart,19,19,19,19,19,19,19,19,19,19,19,19,19,19,19,19,19,19,19,19,19,19,19,19,19,19,19,19,19,19,19,19,19,19,19,19,19,19,19,19,19,19,19,19,19,19,19,19,19,19,19,19,20,20,20,20,20,20,20,20,20,20,20,20,20,20,20,20,20,20,20,20,20,20,20,20,20,20,20,20,20,20,20,20,20,20,20,20,20,20,20,20,20,20,20,20,20,20,20,20,20,20,20,20,20,20,20,20,20,20,20,20,20,20,20,20,20,20,20,20,20,20,20,20,20,20,20,20,20,20,20,20,20,20,20,20,20,20,20,20,20,20,20,20,20,20,20,20,20,20,20,20,20,20,20,20,20,20,20,20,20,20,20,20,20,20,20,20,20,20,20,20,20,20,20,20,20,20,20,20
Off-hand bronze knife,35,35,35,35,35,35,35,35,35,35,35,35,35,36,36,36,36,36,36,36,36,36,36,36,36,36,36,36,36,36,36,36,36,36,38,38,38,38,38,38,38,38,38,38,38,38,38,38,38,38,38,38,38,38,40,40,40,40,40,40,40,40,40,40,40,40,40,40,40,40,40,40,40,42,42,42,42,42,42,42,42,42,42,42,42,42,42,42,42,42,42,42,42,45,45,45,45,45,45,45,45,45,45,45,45,45,45,45,45,45,45,45,45,48,48,48,48,48,48,48,48,48,48,48,48,48,48,48,48,48,48,48,48,48,48,48,50,50,50,50,50,50,50,50,50,50,50,50,50,50,50,50,50,50,50,50,50,50,50,50,49,49,49,49,49,49,49,49,49,49,49,49,49,49,49,49,49,49,49,49
Off-hand bronze throwing axe,27,27,29,29,29,29,29,29,29,29,29,29,29,29,29,29,29,29,29,29,30,30,30,30,30,30,30,30,30,30,30,30,30,30,30,30,30,30,32,32,32,32,32,32,32,32,32,32,32,32,32,32,32,32,32,32,32,32,32,32,32,32,32,33,33,33,33,33,33,33,33,33,33,33,33,33,33,33,33,33,33,33,33,33,33,33,33,33,33,33,33,33,33,33,33,33,35,35,35,35,35,35,35,35,35,35,35,35,35,35,35,35,35,35,35,35,35,35,35,35,35,35,35,35,35,35,35,35,35,35,35,35,35,35,35,36,36,36,36,36,36,36,36,36,36,36,36,36,36,36,36,36,36,36,36,36,36,36,36,36,36,36,36,36,36,36,36,36,36,36,36,36,36,36,36,37,37,37,37,37
Off-hand dragon dart,218,213,213,213,213,213,213,213,213,213,213,213,213,213,213,210,210,210,210,210,210,210,210,210,210,210,210,210,210,210,210,207,207,207,207,207,207,207,207,207,207,207,207,207,207,207,207,207,207,207,207,209,209,209,209,209,209,209,209,209,209,209,209,209,209,209,209,209,211,211,211,211,211,211,211,211,211,211,211,211,211,211,207,207,207,207,207,207,207,207,207,207,207,207,207,207,204,204,204,204,204,204,204,204,204,204,204,204,204,204,204,204,204,211,211,211,211,211,211,211,211,211,211,211,211,211,211,211,211,211,211,211,211,211,211,211,213,213,213,213,213,213,213,213,213,213,213,213,213,213,213,213,213,213,213,213,213,213,215,215,215,215,215,215,215,215,215,215,215,215,215,215,215,215,215,215,215,215,215,222
Off-hand dragon javelin,291,291,291,291,291,291,291,291,291,291,291,291,291,291,291,289,289,289,289,289,289,289,289,289,289,289,289,289,289,289,289,289,289,289,289,289,289,289,289,289,289,289,289,289,289,289,289,289,289,289,289,289,289,289,289,289,289,289,289,289,289,289,289,289,289,289,289,289,289,289,289,289,289,289,289,289,289,289,289,281,281,281,281,281,281,281,281,281,281,281,281,281,281,281,281,281,281,281,281,281,281,281,281,281,281,281,281,281,281,281,281,281,281,281,281,281,281,281,281,281,281,281,281,281,281,281,281,281,281,281,281,281,281,281,281,281,281,281,281,281,281,281,281,281,281,281,281,281,281,281,281,281,281,277,277,277,277,277,277,277,277,277,277,277,277,277,277,277,277,277,277,277,277,277,277,277,277,277,277,277
Off-hand dragon knife,1086,1086,1086,1086,1105,1105,1105,1105,1105,1099,1099,1099,1099,1099,1099,1092,1092,1092,1092,1092,1092,1071,1071,1071,1071,1071,1071,1056,1056,1056,1056,1056,1056,1056,1083,1083,1083,1083,1083,1083,1083,1126,1126,1126,1126,1126,1130,1130,1130,1130,1130,1130,1108,1108,1108,1108,1108,1108,1116,1116,1116,1116,1116,1116,1116,1097,1097,1097,1097,1097,1097,1097,1094,1094,1094,1094,1094,1084,1084,1084,1084,1084,1115,1115,1115,1115,1115,1115,1115,1100,1100,1100,1100,1100,1100,1100,1120,1120,1120,1120,1120,1120,1120,1131,1131,1131,1131,1131,1131,1131,1131,1174,1174,1174,1174,1174,1174,1174,1186,1186,1186,1186,1186,1186,1186,1186,1194,1194,1194,1194,1194,1194,1194,1194,1194,1229,1229,1229,1229,1229,1229,1229,1229,1234,1234,1234,1234,1234,1234,1234,1234,1234,1218,1218,1218,1218,1218,1218,1218,1218,1218,1231,1231,1231,1231,1231,1231,1231,1231,1231,1275,1275,1275,1275,1275,1275,1275,1275,1275,1324
Off-hand dragon throwing axe,207,207,214,214,214,214,214,214,214,212,212,212,212,212,212,216,216,216,216,216,216,216,219,219,219,219,219,219,219,219,219,219,219,216,216,216,216,216,216,215,215,215,215,215,217,217,217,217,217,214,214,214,214,214,211,211,211,211,211,207,207,207,207,207,207,206,206,206,206,206,206,199,199,199,199,199,206,206,206,206,211,211,211,211,211,211,211,211,211,211,207,207,207,207,209,209,209,209,209,209,217,217,217,217,217,217,212,212,212,212,212,206,206,206,206,206,206,206,206,206,206,206,206,201,201,201,201,201,201,201,206,206,206,206,206,206,206,211,211,211,211,211,211,211,214,214,214,214,214,214,214,216,216,216,216,216,216,214,214,214,214,214,214,214,219,219,219,219,219,219,219,217,217,217,217,217,217,209,209,209
Off-hand iron dart,25,25,25,25,25,25,25,25,25,25,25,25,25,25,25,25,25,25,25,25,25,25,25,25,25,25,25,25,25,25,25,25,25,25,25,25,25,25,25,25,25,25,27,27,27,27,27,27,27,27,27,27,27,27,27,27,27,27,27,27,27,27,27,27,27,27,27,27,27,27,27,27,27,27,27,27,27,27,27,27,27,27,27,27,27,27,27,27,27,27,27,27,27,27,27,27,27,27,27,27,27,27,27,27,27,27,27,27,27,27,27,27,27,27,27,27,27,27,27,27,27,27,27,27,27,27,27,27,27,27,27,27,27,27,27,27,27,27,27,27,27,27,27,27,27,27,27,27,27,27,27,27,27,27,27,27,27,27,27,27,27,27,27,27,27,27,27,27,27,27,27,27,27,27,27,27,27,27,27,27
Off-hand iron knife,64,64,64,64,64,64,64,64,64,64,64,64,64,64,64,64,64,64,63,63,63,63,63,63,63,63,63,63,63,63,63,63,63,63,63,63,63,63,63,63,63,63,63,62,62,62,62,62,62,62,62,62,62,62,62,62,62,62,62,62,62,62,62,62,59,59,59,59,59,59,59,59,59,59,59,59,59,59,59,59,59,59,59,59,59,59,59,59,59,57,57,57,57,57,57,57,57,57,57,57,57,57,57,57,57,57,57,57,57,57,57,57,57,57,57,57,57,57,57,57,57,56,56,56,56,56,56,56,56,56,56,56,56,56,56,56,56,56,56,56,56,56,56,56,56,56,56,56,56,56,56,56,56,56,56,56,56,56,56,56,56,54,54,54,54,54,54,54,54,54,54,54,54,54,54,54,54,54,54,54
Off-hand iron throwing axe,19,19,19,19,19,19,19,19,19,19,19,19,19,19,19,19,19,19,19,19,19,19,19,19,19,19,19,19,19,19,19,19,19,19,19,19,19,19,19,19,19,19,19,19,19,19,19,19,19,19,19,19,19,19,19,19,19,19,19,19,19,19,19,19,19,19,19,19,19,19,19,19,19,19,19,19,19,19,19,19,19,19,19,19,19,19,19,19,19,19,19,19,19,19,19,20,20,20,20,20,20,20,20,20,20,20,20,20,20,20,20,20,20,20,20,20,20,20,20,20,20,20,20,20,20,20,20,20,20,20,20,20,20,20,20,20,20,20,20,20,20,20,20,20,20,20,20,20,20,20,20,20,20,20,20,20,20,20,20,20,20,20,20,20,20,20,20,20,20,20,20,20,20,20,20,20,20,20,20,20
Off-hand mithril dart,18,18,18,18,18,18,18,18,18,18,19,19,19,19,19,19,19,19,19,19,19,19,19,19,19,19,19,19,19,19,19,19,19,20,20,20,20,20,20,20,20,20,20,20,20,20,20,20,20,20,20,20,20,20,20,20,20,20,21,21,21,21,21,21,21,21,22,22,22,22,22,22,22,22,23,23,23,23,23,23,23,23,24,24,24,24,24,24,24,23,23,23,23,23,23,23,23,24,24,24,24,24,24,24,24,24,25,25,25,25,25,25,25,25,26,26,26,26,26,26,26,26,26,27,27,27,27,27,27,27,27,27,28,28,28,28,28,28,28,28,28,29,29,29,29,29,29,29,29,29,29,30,30,30,30,30,30,30,30,30,30,31,31,31,31,31,31,31,31,31,31,31,31,31,31,31,31,31,31,30
Off-hand mithril knife,147,147,147,147,148,148,148,148,148,148,148,148,148,148,148,148,148,148,148,148,148,148,148,148,149,149,149,149,149,149,149,149,149,149,149,149,149,149,149,149,149,149,149,149,149,150,150,150,150,150,150,150,150,150,150,150,150,150,150,150,150,150,150,150,150,150,150,152,152,152,152,152,152,152,152,152,152,152,152,152,152,152,152,152,152,152,152,152,152,152,152,155,155,155,155,155,155,155,155,155,155,155,155,155,155,155,155,155,155,155,155,155,155,155,155,155,155,155,155,155,155,159,159,159,159,159,159,159,159,159,159,159,159,159,159,159,159,159,159,159,159,159,159,159,159,159,159,159,159,159,159,159,159,159,159,159,159,159,159,159,159,162,162,162,162,162,162,162,162,162,162,162,162,162,162,162,162,162,162,162
Off-hand mithril throwing axe,60,60,60,60,60,60,61,61,61,61,61,61,61,61,61,61,61,61,61,61,61,61,61,61,61,61,61,61,61,61,61,61,61,64,64,64,64,64,64,64,64,64,64,64,64,64,64,64,64,64,64,64,64,64,64,64,64,64,64,64,64,64,64,64,64,64,64,64,65,65,65,65,65,65,65,65,65,65,65,65,65,65,65,65,65,65,65,65,65,65,65,65,65,65,65,65,65,65,65,65,65,65,65,65,65,67,67,67,67,67,67,67,67,67,67,67,67,67,67,67,67,67,67,67,67,67,67,67,67,67,67,67,67,67,67,67,67,67,67,67,67,67,67,67,67,67,67,67,67,67,67,69,69,69,69,69,69,69,69,69,69,69,69,69,69,69,69,69,69,69,69,69,69,69,69,69,69,69,69,69
Off-hand rune dart,97,99,100,100,99,99,99,99,97,94,90,90,88,89,89,93,93,95,95,98,99,99,98,95,95,95,96,99,99,97,97,99,99,99,102,102,101,101,103,103,103,103,98,98,96,96,95,95,93,93,91,91,90,90,91,91,92,92,90,92,92,94,94,93,93,90,88,92,92,95,95,97,97,96,96,97,98,98,98,98,94,94,95,95,97,96,96,98,98,99,99,100,100,101,102,102,99,99,97,97,95,95,93,93,92,92,90,90,87,87,89,89,91,91,89,89,91,91,93,93,97,97,97,96,96,96,97,97,99,99,97,97,99,99,99,99,98,98,97,97,96,94,94,98,98,97,97,96,96,95,95,94,94,94,94,94,92,89,89,85,85,83,83,87,87,87,87,84,84,84,85,85,82,82,82,81,81,85,85,85
Off-hand rune knife,437,447,437,437,450,450,451,441,432,421,409,409,416,420,420,424,424,437,437,447,451,451,440,440,444,444,443,436,436,445,445,455,455,446,446,453,453,462,462,466,466,463,463,466,472,472,470,470,477,477,475,475,472,472,475,475,478,478,472,472,472,470,470,477,477,472,472,473,473,468,468,468,468,458,454,454,455,455,446,446,448,448,447,447,448,453,453,448,448,445,445,429,429,417,416,416,419,419,410,410,418,418,411,411,414,414,409,409,399,399,388,388,403,403,393,393,394,394,406,406,424,409,409,413,413,413,407,407,408,408,411,411,400,400,408,408,408,408,403,403,416,416,427,427,420,420,407,407,404,404,405,405,405,401,401,404,404,404,404,407,407,407,408,408,399,399,392,380,380,380,376,376,376,376,388,388,391,391,377,377
Off-hand rune throwing axe,699,699,699,699,699,699,699,699,699,699,699,699,711,711,711,711,711,711,711,711,711,711,711,711,711,711,711,711,711,711,711,711,710,710,710,710,710,710,710,710,710,710,710,710,710,710,681,681,681,681,681,681,681,681,681,681,652,652,652,652,652,652,652,652,625,625,625,625,625,625,625,598,598,598,598,598,571,571,571,571,571,545,545,545,545,545,545,522,522,522,522,522,522,498,498,498,498,498,498,498,476,476,476,476,476,476,476,476,476,476,455,455,455,455,455,455,455,455,455,455,455,455,455,436,436,436,436,436,436,436,436,436,436,436,436,436,436,436,436,436,436,418,418,418,418,418,418,418,418,418,418,418,418,418,418,418,418,418,418,418,418,418,418,400,400,400,400,400,400,400,400,400,400,400,400,400,400,400,400,400
Off-hand steel dart,11,11,11,11,11,11,11,11,11,11,11,12,12,12,12,13,13,13,13,13,13,13,13,13,13,13,13,13,14,14,14,14,14,14,14,14,14,14,15,15,15,15,15,15,15,15,15,15,15,15,15,15,15,15,15,15,15,15,15,15,15,15,15,15,15,15,15,15,15,15,15,15,15,15,15,15,15,15,16,16,16,16,16,16,16,16,16,16,16,16,16,16,16,16,16,16,16,16,16,16,16,16,16,16,16,16,16,16,16,16,16,16,16,16,16,16,16,16,16,16,16,16,16,16,16,16,16,16,16,16,16,16,16,16,16,16,16,16,16,16,16,16,16,16,16,16,16,16,16,16,16,16,16,16,16,16,16,16,16,16,16,16,16,16,16,17,17,17,17,17,17,17,17,17,17,17,17,17,17,17
Off-hand steel knife,109,109,109,109,109,109,109,109,109,109,109,109,109,109,112,112,112,112,112,112,112,112,112,112,112,112,112,112,112,112,112,112,112,112,112,112,112,112,112,112,112,112,112,112,112,112,112,112,112,112,112,111,111,111,111,111,111,111,111,111,111,111,111,111,111,111,111,111,111,111,111,111,111,111,111,111,111,111,111,109,109,109,109,109,109,109,109,109,109,109,109,109,109,109,109,109,109,109,109,109,109,109,109,109,109,109,109,109,109,109,109,110,110,110,110,110,110,110,110,110,110,110,110,110,110,110,110,110,110,110,110,110,110,110,110,110,110,110,110,110,110,110,110,110,110,110,110,110,110,110,110,110,110,110,110,110,110,110,110,110,110,110,110,110,110,110,110,110,110,110,110,110,110,110,110,110,110,110,110,110
Off-hand steel throwing axe,32,32,32,32,32,32,32,32,32,32,32,32,32,32,32,31,31,31,31,31,31,31,31,31,31,31,31,31,31,31,31,31,31,31,31,31,31,31,31,31,31,31,31,31,31,31,31,31,31,31,31,31,31,31,31,31,31,31,31,31,31,31,31,31,31,31,32,32,32,32,32,32,32,32,32,32,32,32,32,32,32,32,32,32,32,32,32,32,32,32,32,32,32,32,32,32,32,32,32,32,32,32,32,32,32,32,32,32,32,32,32,32,32,32,32,32,32,33,33,33,33,33,33,33,33,33,33,33,33,33,33,33,33,33,33,33,33,33,33,33,33,33,33,33,33,33,33,33,33,33,33,33,33,33,33,33,33,33,33,33,33,33,33,33,33,33,33,33,33,33,33,33,33,33,33,33,33,33,34,34
Ogre arrow,113,113,113,113,113,113,113,113,113,113,113,113,115,115,115,115,115,116,116,116,116,116,116,113,113,113,113,114,114,114,114,114,114,115,115,115,115,115,113,113,113,113,113,114,114,114,114,114,116,116,116,116,116,116,118,118,118,118,118,118,120,120,120,120,120,120,117,117,117,117,117,117,112,112,112,112,112,107,107,107,107,107,107,107,102,102,102,102,102,97,97,97,97,97,93,93,93,93,93,93,93,94,94,94,94,94,94,94,90,90,90,90,90,90,86,86,86,86,86,86,86,86,84,84,84,84,84,84,84,84,82,82,82,82,82,82,82,82,79,79,79,79,79,79,79,79,76,76,76,76,76,76,76,73,73,73,73,73,73,73,73,75,75,75,75,75,75,75,75,75,73,73,73,73,73,73,73,73,74,74
Red chinchompa,2126,2215,2198,2164,2119,2118,2073,2113,2144,2181,2115,2198,2206,2293,2361,2365,2364,2404,2388,2382,2377,2366,2371,2293,2249,2261,2270,2358,2332,2249,2274,2187,2118,2012,1913,1912,1908,1919,1972,2017,2004,1940,1904,1990,1972,1973,1963,1974,2002,2070,2057,1975,1954,1939,1945,1905,1900,1943,1978,1991,1986,1981,1968,1952,1946,1956,1998,1950,1929,1919,1890,1884,1895,1904,1940,1902,1873,1838,1795,1767,1749,1720,1745,1731,1663,1662,1648,1648,1652,1651,1623,1574,1571,1572,1519,1464,1455,1450,1496,1556,1594,1637,1636,1645,1630,1637,1618,1581,1591,1583,1580,1552,1552,1578,1549,1525,1524,1513,1532,1541,1547,1535,1537,1507,1489,1505,1540,1509,1529,1528,1515,1519,1523,1534,1527,1505,1505,1491,1499,1447,1412,1421,1448,1449,1444,1420,1445,1437,1422,1406,1447,1444,1472,1480,1444,1447,1447,1434,1402,1385,1358,1338,1327,1338,1340,1347,1358,1365,1341,1338,1323,1326,1376,1355,1345,1334,1327,1298,1267,1246
Rune brutal,912,912,912,912,912,912,912,912,912,912,912,912,912,912,912,912,912,912,912,912,912,912,892,892,892,892,892,892,892,892,892,892,892,892,892,892,892,892,892,892,892,892,892,892,892,892,892,892,892,892,868,868,868,868,868,868,868,868,868,868,868,868,868,868,868,868,868,868,868,868,868,868,868,868,868,868,868,868,868,868,868,868,865,865,865,865,865,865,865,865,865,865,865,865,865,865,865,865,865,865,865,865,865,865,865,865,865,865,865,865,865,865,865,865,865,865,865,865,848,848,848,848,848,848,848,848,848,848,848,848,848,848,848,848,848,848,848,848,848,848,848,848,848,848,848,848,848,848,848,848,848,848,848,848,848,848,848,848,842,842,842,842,842,842,842,842,842,842,842,842,842,842,842,842,842,842,842,842,842,842
Rune dart,108,111,110,110,111,111,114,114,111,109,106,106,105,103,104,105,105,105,105,105,102,98,101,105,104,104,100,99,99,98,98,100,100,99,95,95,93,93,89,84,79,77,77,77,79,80,83,83,82,82,81,81,78,79,80,82,82,81,77,76,76,76,76,79,79,82,84,84,84,83,83,81,82,86,89,89,89,88,88,83,78,74,70,67,67,65,67,70,72,72,73,76,76,77,78,78,82,82,86,87,88,90,91,91,90,90,89,86,87,87,83,78,74,70,67,67,67,69,69,73,73,73,72,73,73,76,77,77,79,79,79,76,79,79,81,81,84,86,84,84,85,84,84,83,85,85,88,85,85,85,87,87,87,88,88,86,82,78,78,77,77,73,73,69,65,61,57,54,51,48,45,42,39,40,40,40,41,41,43,46
Rune javelin,184,183,185,184,185,186,184,184,184,182,180,181,183,184,184,185,185,182,183,183,182,180,182,180,178,181,180,180,179,180,179,174,173,173,178,182,181,178,181,180,180,175,182,182,182,183,183,181,184,186,184,178,180,181,182,180,181,183,181,177,182,181,179,182,180,182,181,183,180,180,180,177,176,177,178,181,181,178,177,175,167,163,165,165,160,163,166,163,165,172,175,180,182,182,182,182,184,184,183,183,183,181,182,182,182,183,182,179,175,178,182,182,179,183,182,180,180,181,180,180,182,179,173,179,179,181,183,181,183,181,183,184,183,183,182,181,181,183,182,182,182,181,181,179,181,182,181,181,180,180,182,178,180,181,181,182,181,175,180,180,181,179,179,181,181,181,180,180,182,182,183,181,182,183,181,182,182,182,182,182
Rune knife,1348,1349,1388,1388,1415,1455,1432,1481,1493,1507,1504,1472,1476,1437,1379,1337,1343,1367,1412,1432,1439,1460,1402,1406,1429,1417,1386,1413,1413,1402,1402,1413,1413,1362,1303,1303,1238,1188,1128,1076,1025,977,931,884,843,816,776,745,707,678,646,617,589,567,561,557,557,572,556,543,534,513,497,481,481,458,443,436,429,425,425,428,433,424,440,440,442,445,445,449,461,461,474,469,469,475,475,470,462,440,429,418,418,416,409,409,421,421,432,437,443,443,438,438,459,459,472,484,497,497,486,478,478,471,477,477,476,470,470,476,476,469,465,463,463,475,476,476,481,477,477,477,471,471,463,463,453,452,434,434,430,422,422,419,417,417,415,401,396,396,402,402,416,416,420,432,430,430,423,426,426,430,430,430,419,413,413,410,410,402,400,393,393,385,385,382,379,379,382,382
Rune throwing axe,446,446,446,446,446,446,448,448,448,448,448,448,448,452,452,452,452,452,452,448,448,448,448,448,443,443,443,443,443,452,452,452,452,452,452,455,455,455,455,455,440,440,440,440,440,429,429,429,429,429,423,423,423,423,423,407,407,407,407,407,408,408,408,408,408,408,401,401,401,401,401,391,391,391,391,391,391,391,391,391,391,397,397,397,397,397,389,389,389,389,389,390,390,390,390,390,389,389,389,389,389,393,393,393,393,393,388,388,388,388,388,388,381,381,381,381,381,381,391,391,391,391,391,391,391,391,391,391,391,391,391,391,391,391,391,391,384,384,384,384,384,377,377,377,377,377,377,377,372,372,372,372,372,372,372,363,363,363,363,363,363,361,361,361,361,361,361,361,356,356,356,356,356,356,356,359,359,359,359,359
Steel brutal,26,26,26,26,26,26,26,26,26,26,26,25,25,25,25,25,25,25,25,25,25,25,25,25,25,25,25,25,25,25,25,25,25,25,25,25,25,25,25,25,25,25,25,25,25,25,25,25,25,25,25,25,25,25,25,25,25,25,25,25,25,25,25,25,25,25,25,25,23,23,23,23,23,23,23,23,23,23,23,23,23,23,23,23,23,23,23,23,23,23,23,23,23,23,23,23,23,23,23,23,23,23,23,23,23,23,23,23,23,23,23,23,23,23,23,23,23,23,23,23,23,23,23,23,23,23,23,23,23,23,23,23,23,23,22,22,22,22,22,22,22,22,22,22,22,22,22,22,22,22,22,22,22,22,22,22,22,22,22,22,22,22,22,22,22,22,22,22,22,22,22,22,22,22,22,22,22,22,22,22
Steel dart,19,19,20,20,20,20,20,20,20,19,19,19,19,19,19,19,19,19,19,20,20,20,20,20,19,19,19,19,19,19,19,19,19,19,20,20,20,20,20,20,20,20,20,20,20,20,19,19,19,19,19,19,19,19,20,20,20,20,20,20,19,19,19,19,19,19,19,19,19,19,19,19,19,19,19,20,20,20,20,20,21,21,20,20,20,20,20,20,20,20,20,20,20,20,20,20,20,20,20,20,20,20,20,20,20,20,20,20,20,20,20,20,20,20,20,20,20,20,20,20,20,20,20,20,20,20,20,20,20,20,20,20,20,20,20,20,20,20,20,21,21,21,21,21,22,22,22,22,22,22,22,22,22,22,22,22,22,22,22,23,23,23,23,23,23,23,23,23,24,24,24,24,23,23,21,21,20,20,20,20
Steel javelin,132,132,132,132,132,132,132,132,132,132,130,130,130,130,130,130,130,130,130,130,130,130,130,130,130,130,130,130,130,130,130,130,130,130,130,130,130,130,130,130,130,128,128,128,128,128,128,128,128,128,128,128,128,128,128,128,128,128,128,128,128,128,128,128,128,128,128,128,128,128,128,128,128,128,128,128,128,128,128,128,128,131,131,131,131,131,131,131,131,131,131,131,131,131,131,131,131,131,131,131,131,131,131,131,131,131,131,131,131,131,131,131,131,131,131,131,131,131,131,131,126,126,126,126,126,126,126,126,126,126,126,126,126,126,126,126,126,126,126,126,126,126,126,126,126,126,126,126,126,126,126,126,126,126,126,126,126,126,126,126,126,126,126,126,122,122,122,122,122,122,122,122,122,122,122,122,122,122,122,122
Steel knife,127,127,127,127,127,127,127,127,127,129,129,129,129,129,129,129,129,129,129,130,130,130,130,130,130,130,130,130,130,130,130,130,130,130,130,130,130,130,126,126,126,126,126,126,126,126,126,126,124,124,124,124,124,124,124,124,124,124,123,123,123,123,123,123,123,123,123,123,123,121,121,121,121,121,121,121,121,121,121,121,120,120,120,120,120,120,120,120,120,120,120,120,120,120,120,120,120,120,120,120,120,120,120,120,120,120,120,120,120,119,119,119,119,119,119,119,119,119,119,119,119,117,117,117,117,117,117,117,117,117,117,117,117,117,114,114,114,114,114,114,114,114,114,114,114,114,114,114,115,115,115,115,115,115,115,115,115,115,115,115,115,115,115,118,118,118,118,118,118,118,118,118,118,118,118,118,118,118,118,118
Steel throwing axe,104,104,104,104,104,104,104,104,104,104,104,104,104,104,104,104,104,104,104,104,104,104,104,104,104,104,104,104,104,104,107,110,110,110,110,110,110,110,110,110,110,110,110,110,110,110,110,110,110,110,110,110,110,110,110,110,110,110,110,110,110,110,110,110,110,110,110,110,110,110,110,110,110,110,110,110,110,110,110,110,111,111,111,111,111,111,111,111,111,111,111,111,111,111,111,111,111,111,111,111,111,111,111,111,111,111,111,111,111,111,111,112,112,112,112,112,112,112,112,112,112,112,112,112,112,112,112,112,112,112,112,112,112,112,112,112,112,112,112,112,112,112,112,112,112,111,111,111,111,111,111,111,111,111,111,111,111,111,111,111,111,111,111,111,111,111,111,111,111,111,111,111,111,111,111,111,111,111,111,111
Tarromin tar,140,140,142,142,142,142,142,142,142,142,142,142,142,142,142,142,142,138,138,138,138,138,138,138,138,138,138,138,138,138,138,133,133,133,133,133,133,133,133,133,133,133,133,133,133,133,134,134,134,134,134,134,134,134,134,134,134,134,134,134,134,134,130,130,130,130,130,130,130,130,130,130,130,130,130,130,130,133,133,133,133,133,133,133,133,133,133,133,133,133,133,131,131,131,131,131,131,131,131,131,131,131,131,131,131,131,131,131,135,135,135,135,135,135,135,135,135,135,135,135,135,135,135,135,135,135,135,135,141,141,141,141,141,141,141,141,141,141,141,141,141,141,141,141,141,141,141,141,141,141,145,145,145,145,145,145,145,145,145,145,145,145,145,145,145,145,145,145,145,145,145,149,149,149,149,149,149,149,149,149
Toktz-xil-ul,127,127,127,127,127,126,126,126,126,126,126,126,126,126,126,126,126,126,126,126,126,123,123,123,123,123,123,123,123,123,123,123,123,123,123,123,123,126,126,126,126,126,126,126,126,126,126,126,126,126,126,125,125,125,125,125,125,125,125,125,125,125,125,125,125,125,120,120,120,120,120,120,120,120,120,120,120,120,120,120,121,121,121,121,121,121,121,121,121,121,121,121,121,121,121,121,124,124,124,124,124,124,124,124,124,124,124,124,124,124,124,124,128,128,128,128,128,128,128,128,128,128,128,128,128,128,128,128,131,131,131,131,131,131,131,131,131,131,131,131,131,131,131,131,131,133,133,133,133,133,133,133,133,133,133,133,133,133,133,133,133,133,133,134,134,134,134,134,134,134,134,134,134,134,134,134,134,134,137,137
Viridian skillchompa,156,164,164,172,172,175,175,174,174,177,177,177,174,174,183,183,180,180,173,173,172,172,166,166,161,161,157,157,153,148,148,148,148,148,156,156,156,164,164,165,165,165,158,158,152,152,146,146,141,141,134,134,131,131,126,126,122,122,120,120,120,120,120,119,119,122,122,121,121,120,120,115,115,111,111,107,103,103,99,99,97,97,100,100,102,102,102,102,101,101,103,103,101,101,99,99,95,95,97,97,100,100,100,100,98,98,99,99,96,96,92,92,95,95,97,97,100,100,105,105,107,112,112,117,117,119,119,117,117,117,117,122,122,121,121,123,123,123,122,122,117,118,118,118,114,114,116,116,117,117,118,118,118,114,114,111,111,105,105,107,107,108,108,108,112,112,115,115,115,115,115,114,114,115,115,118,118,118,114,114
Wyvern spines,372,372,372,372,372,372,372,372,372,378,378,378,378,378,378,378,378,378,378,379,379,379,379,379,390,390,390,390,390,390,394,394,394,394,394,394,394,391,391,391,391,391,391,390,390,390,390,390,392,392,392,392,392,392,389,389,389,389,389,395,395,395,395,395,395,391,391,391,391,391,391,390,390,390,390,390,380,380,380,380,377,377,377,377,377,377,363,363,363,363,363,349,349,349,349,349,349,342,342,342,342,342,338,338,338,338,338,338,325,325,325,325,325,325,318,318,318,318,318,318,318,320,320,320,320,320,320,320,320,318,318,318,318,318,318,318,309,309,309,309,309,309,309,296,296,296,296,296,282,282,282,282,282,268,268,268,268,255,255,255,255,255,244,244,244,244,233,233,233,233,233,222,222,222,222,222,212,212,212,212
