Adamant arrowheads,176,176,176,178,178,178,176,176,176,176,176,176,174,174,174,169,169,169,169,166,166,166,164,164,164,168,168,168,170,170,170,175,175,175,171,171,166,166,166,161,161,157,157,151,145,145,137,137,130,130,124,124,118,118,117,117,117,117,117,117,117,117,118,118,118,119,119,117,117,117,116,116,116,113,113,113,114,114,115,115,117,117,117,115,115,115,114,114,114,114,114,114,114,114,115,115,115,115,115,113,113,113,111,111,111,111,111,111,111,108,108,108,107,107,107,107,107,108,108,108,106,106,106,106,106,106,102,102,102,99,99,99,99,99,99,98,98,98,98,98,98,97,97,97,97,97,97,95,95,95,93,93,93,93,93,93,92,92,92,92,92,92,92,92,92,92,92,92,92,92,92,92,92,91,91,91,90,90,90,91
Adamant bolts (unf),191,191,194,194,194,194,192,192,188,184,187,187,190,186,186,184,184,179,179,180,184,184,181,181,187,187,190,190,194,196,196,194,194,194,196,196,194,194,193,193,189,189,190,190,193,193,194,194,187,187,187,187,189,189,185,179,179,181,179,182,182,186,186,186,186,183,183,183,183,179,179,183,183,180,180,178,178,176,176,183,181,181,172,172,167,167,164,164,158,158,157,157,153,153,150,150,151,151,147,147,146,146,149,149,149,148,148,140,140,136,136,135,135,132,132,131,131,130,130,131,131,133,133,130,130,130,129,129,129,128,128,128,127,127,127,127,127,127,127,127,127,128,128,128,132,132,132,130,130,130,129,129,129,124,124,123,123,123,123,123,126,126,126,128,128,128,128,133,133,133,134,134,133,133,133,130,130,130,131,131
Adamant crossbow (u),4248,4248,4248,4248,4248,4248,4248,4248,4248,4248,4248,4308,4308,4308,4308,4308,4308,4308,4308,4308,4308,4308,4308,4308,4308,4308,4308,4308,4308,4308,4308,4308,4308,4308,4176,4176,4176,4176,4176,4176,4176,4176,4176,4176,4176,4176,4176,4176,4176,4176,4176,4176,4176,4176,4176,4176,4176,4176,4176,4176,4328,4328,4328,4328,4328,4328,4328,4328,4328,4328,4328,4328,4328,4328,4328,4328,4328,4328,4328,4328,4328,4328,4328,4328,4328,4328,4470,4470,4470,4470,4470,4470,4470,4470,4470,4470,4470,4470,4470,4470,4470,4470,4470,4470,4470,4470,4470,4470,4470,4470,4470,4470,4608,4608,4608,4608,4608,4608,4608,4608,4608,4608,4608,4608,4608,4608,4608,4608,4608,4608,4608,4608,4608,4608,4608,4608,4608,4608,4608,4608,4608,4608,4608,4754,4754,4754,4754,4754,4754,4754,4754,4754,4754,4754,4754,4754,4754,4754,4754,4754,4754,4754,4754,4754,4754,4754,4754,4754,4754,4754,4754,4754,4754,4754,4754,4754,4941,4941,4941,4941
Adamant dart tip,207,207,207,207,207,207,207,207,207,207,207,207,209,209,209,209,209,209,209,209,209,209,209,209,209,209,209,209,209,209,210,210,210,210,210,210,210,210,210,210,210,210,210,210,210,210,210,210,220,220,220,220,220,220,220,220,220,220,220,220,220,220,220,220,220,220,220,222,222,222,222,222,222,222,222,222,222,222,222,222,222,227,227,227,227,227,227,227,227,227,227,227,227,227,227,227,227,227,227,227,227,227,232,232,232,232,232,232,232,232,232,232,232,232,232,232,232,232,232,232,232,232,232,232,232,232,232,234,234,234,234,234,234,234,234,234,234,234,234,234,234,234,234,234,234,234,234,234,234,234,234,234,237,237,237,237,237,237,237,237,237,237,237,237,237,237,237,237,237,237,237,237,237,237,237,237,237,237,228,228
Adamant limbs,2242,2242,2242,2242,2242,2242,2242,2242,2242,2242,2242,2242,2242,2242,2242,2242,2242,2242,2242,2242,2242,2242,2242,2242,2242,2242,2242,2242,2242,2242,2242,2242,2242,2242,2324,2324,2324,2324,2324,2324,2324,2324,2324,2324,2324,2324,2324,2324,2324,2324,2324,2324,2324,2324,2324,2324,2324,2324,2324,2324,2324,2324,2324,2324,2324,2324,2324,2324,2324,2324,2324,2324,2324,2324,2324,2324,2324,2324,2324,2324,2324,2324,2324,2324,2324,2427,2427,2427,2427,2427,2427,2427,2427,2427,2427,2427,2427,2427,2427,2427,2427,2427,2427,2427,2427,2427,2427,2427,2427,2427,2427,2427,2427,2427,2427,2427,2427,2427,2427,2427,2427,2427,2427,2427,2427,2427,2427,2427,2427,2427,2427,2427,2427,2427,2427,2427,2427,2427,2427,2427,2427,2427,2427,2427,2519,2519,2519,2519,2519,2519,2519,2519,2519,2519,2519,2519,2519,2519,2519,2519,2519,2519,2519,2519,2519,2519,2519,2519,2519,2519,2519,2519,2519,2519,2519,2519,2519,2519,2519,2519
Arrow shaft,7,7,7,7,7,7,7,7,7,7,7,7,7,7,7,8,8,8,8,8,8,8,8,8,8,8,8,8,8,8,8,8,8,8,8,8,9,9,9,9,9,9,10,10,10,10,10,10,10,10,10,10,10,10,10,10,10,11,11,11,11,11,11,11,11,11,11,11,11,11,11,11,12,12,12,12,12,12,12,12,12,12,12,11,11,11,11,11,11,11,11,11,11,10,10,11,11,12,12,12,12,12,13,13,14,14,14,14,14,14,14,14,14,15,15,15,15,15,15,15,15,15,15,15,15,15,15,15,15,15,15,15,15,15,15,15,15,15,15,16,16,16,15,15,15,14,14,15,15,16,16,16,16,16,16,16,15,14,14,14,14,14,13,12,11,11,11,11,11,11,11,11,11,12,13,13,13,13,13,13
Barb bolttips,66,66,66,66,66,66,66,65,65,65,65,65,65,65,65,65,65,65,65,65,65,65,65,65,65,65,65,65,65,65,65,65,65,65,65,65,65,65,65,65,65,65,65,65,65,65,65,65,65,65,65,65,65,65,65,65,65,65,65,65,65,65,65,65,65,65,65,65,65,65,65,65,65,65,65,65,65,65,65,65,65,65,65,65,65,65,65,65,65,65,65,65,65,65,65,65,65,65,65,65,65,65,65,65,65,65,65,65,65,65,65,65,65,65,65,65,65,65,65,65,65,65,65,65,65,65,65,65,65,65,67,67,67,67,67,67,67,67,67,67,67,67,67,67,67,67,67,67,67,67,67,67,67,67,67,67,67,67,67,67,67,67,67,67,67,67,67,67,67,67,67,67,67,67,67,67,67,67,67,67
Black stone heart,120000,120000,120000,120000,120000,120000,120000,120000,120000,120000,120000,120000,120000,120000,120000,120000,120000,120000,120000,120000,120000,120000,120000,120000,120000,120000,120000,120000,120000,120000,120000,120000,120000,120000,120000,120000,120000,120000,120000,120000,120000,120000,120000,120000,120000,120000,120000,120000,120000,120000,120000,120000,120000,120000,120000,120000,120000,120000,120000,120000,120000,120000,120000,120000,120000,120000,120000,120000,120000,120000,120000,120000,120000,120000,120000,120000,120000,120000,120000,120000,126000,132300,138915,145861,153155,160001,168002,171705,179371,183428,175000,166250,158669,150735,143198,136669,129835,123893,117893,112373,107215,103162,102611,102611,97893,97893,98509,99555,100746,100746,103288,103288,102588,106642,111794,111794,117384,123254,129161,135620,135620,141965,141965,149064,149064,156518,156518,164344,164344,172555,181183,190243,199756,199756,208797,208797,201173,201173,191305,191305,182195,173684,173684,166147,166147,158511,151388,151388,144043,144043,136840,136840,131998,131998,125946,125946,120189,120189,114521,114521,109410,109410,104088,104088,99837,99837,99837,100253,100253,100253,99221,99221,101682,101682,103131,103131,99407,99407,99760,99760
Bowstring,277,275,268,263,255,253,250,259,260,261,260,262,259,249,248,242,234,229,236,239,236,237,237,236,241,250,250,248,243,238,231,229,224,215,217,220,221,223,221,217,220,221,226,228,224,230,241,250,262,269,271,274,287,293,297,310,326,343,347,337,337,329,332,334,334,328,322,321,318,312,315,320,328,333,335,337,343,354,357,348,332,315,299,289,289,288,288,282,283,285,284,289,295,301,313,321,329,333,329,324,321,313,305,297,291,281,273,267,258,252,243,240,242,246,246,244,247,250,252,256,257,254,257,259,264,269,274,271,274,274,279,279,281,281,282,285,289,291,290,284,278,276,278,277,273,271,268,262,255,252,255,256,258,261,263,264,263,259,256,255,256,261,265,269,276,278,280,279,277,278,279,288,291,301,302,296,305,315,322,315
Broad arrowheads,72,72,72,70,69,71,71,71,72,72,71,71,70,71,72,72,72,71,71,73,73,73,73,73,73,75,76,76,76,76,75,76,76,77,77,76,77,78,79,78,76,78,78,78,79,80,80,80,80,81,82,81,79,81,84,82,81,83,84,82,83,84,85,85,83,84,84,84,84,87,89,89,89,89,89,89,89,86,81,76,72,68,66,64,63,65,66,67,67,69,66,63,61,62,63,63,65,66,67,68,67,68,68,66,69,70,70,69,69,71,70,68,68,67,66,67,66,67,66,67,67,67,68,69,69,68,70,69,68,67,69,69,69,69,69,69,68,68,69,68,69,67,67,67,67,68,68,66,68,69,69,68,67,67,67,68,66,66,67,68,68,69,67,66,67,65,66,65,64,63,64,65,64,65,65,65,64,64,64,65
Bronze arrowheads,14,14,14,14,14,14,14,14,14,14,14,14,14,14,14,14,14,14,14,14,15,15,15,15,15,15,15,15,15,15,15,15,15,15,14,14,14,13,13,13,12,12,12,11,11,11,10,10,10,10,9,9,9,9,9,9,9,9,9,9,9,9,9,8,8,8,8,8,8,8,8,8,8,8,8,8,8,8,8,8,8,8,8,8,8,8,8,7,7,7,7,7,8,8,8,8,8,8,8,8,8,8,8,8,8,8,8,8,8,8,8,8,8,8,8,8,8,8,8,8,8,8,8,8,8,8,8,8,8,8,8,7,7,7,7,7,8,8,8,8,8,8,8,8,8,8,8,8,8,8,8,8,8,8,8,8,8,8,8,8,8,8,8,8,8,8,8,8,8,8,8,8,8,8,8,8,8,8,8,7
Bronze bolts (unf),14,14,14,14,14,14,14,14,14,14,14,14,14,14,14,14,14,14,14,14,14,14,14,14,14,14,14,14,14,14,14,14,14,14,14,14,14,14,14,14,14,14,14,14,14,14,14,14,14,14,14,14,14,14,13,13,13,13,13,13,13,13,13,13,13,13,13,13,13,13,13,13,13,13,13,13,13,13,13,13,13,13,13,13,13,13,13,13,13,13,13,13,13,13,13,13,13,13,13,13,13,13,13,13,13,13,13,12,12,12,12,12,12,12,12,12,12,12,12,12,12,12,12,12,12,12,12,12,12,12,12,12,12,12,12,12,12,12,12,12,12,12,12,12,12,12,12,12,12,12,11,11,11,11,11,11,11,11,11,11,11,11,11,11,11,11,11,11,11,11,11,11,11,11,11,11,10,10,10,10
Bronze crossbow (u),41,41,41,41,41,41,41,41,41,41,41,41,41,41,41,41,41,41,41,43,43,43,43,43,43,43,43,43,43,43,43,43,43,43,43,43,43,43,43,43,43,43,43,43,43,43,43,43,43,43,43,43,43,43,43,43,43,43,43,43,43,43,43,43,43,43,43,43,43,43,43,43,43,43,43,43,43,43,43,43,43,43,43,43,43,43,43,43,43,43,43,43,45,45,45,45,45,45,45,45,45,45,45,45,45,45,45,45,45,45,45,45,45,45,45,45,45,45,45,45,45,45,45,45,45,45,45,45,45,45,45,45,45,45,45,45,45,45,45,45,45,45,45,45,45,45,45,45,45,45,45,45,45,45,45,45,45,45,45,45,45,45,45,45,45,45,45,45,45,45,45,45,45,45,45,45,45,45,47,47
Bronze dart tip,33,33,33,33,33,33,33,33,33,33,33,33,33,33,33,33,33,33,33,33,33,33,33,33,33,33,33,33,33,33,33,33,33,33,33,33,33,33,33,33,33,33,33,33,33,33,33,33,33,33,35,35,35,35,35,35,35,35,35,35,35,35,35,35,35,35,35,35,35,35,35,35,35,35,35,35,35,35,35,35,35,35,35,35,35,35,35,35,35,35,35,35,35,35,35,35,35,35,35,35,35,35,35,35,35,35,35,35,35,35,35,35,35,35,35,35,35,35,35,35,35,35,35,35,35,35,35,35,35,35,35,35,35,35,36,36,36,36,36,36,36,36,36,36,36,36,36,36,36,36,36,36,36,36,36,36,36,36,36,36,36,36,36,36,36,36,36,36,36,36,36,36,36,36,36,36,36,36,36,36
Bronze limbs,86,90,90,90,90,90,90,90,94,94,94,94,94,94,94,94,94,99,99,99,99,99,99,99,99,99,99,99,99,99,99,99,99,99,99,99,99,99,99,99,99,104,104,104,104,104,104,104,104,104,104,104,104,104,104,104,104,104,104,104,104,104,104,104,104,104,104,109,109,109,109,109,109,109,109,109,109,109,109,109,109,109,109,109,109,109,109,109,109,109,109,112,112,112,112,112,112,112,112,112,112,112,112,112,112,112,112,112,112,112,112,112,112,112,112,112,112,112,112,112,112,112,112,112,112,112,112,112,112,112,112,112,115,115,115,115,115,115,115,115,115,115,115,115,115,115,115,115,115,115,115,115,115,115,115,115,115,115,115,115,115,115,115,115,115,115,115,115,115,115,115,115,115,115,115,115,115,115,115,115
Crossbow string,1217,1217,1259,1259,1259,1259,1259,1259,1309,1309,1309,1309,1309,1360,1360,1360,1360,1360,1360,1418,1418,1418,1418,1418,1417,1417,1417,1417,1417,1443,1443,1443,1443,1443,1443,1478,1478,1478,1478,1425,1425,1425,1425,1375,1375,1375,1375,1336,1336,1336,1336,1300,1300,1300,1300,1313,1313,1313,1313,1340,1340,1340,1340,1340,1383,1383,1383,1383,1383,1434,1434,1434,1434,1383,1383,1383,1383,1383,1321,1321,1321,1321,1293,1293,1293,1293,1293,1230,1230,1230,1230,1196,1196,1196,1196,1196,1202,1202,1202,1202,1202,1198,1198,1198,1198,1198,1212,1212,1212,1212,1212,1212,1168,1168,1168,1168,1168,1164,1164,1164,1164,1164,1137,1137,1137,1137,1137,1137,1093,1093,1093,1093,1075,1075,1075,1075,1075,1075,1081,1081,1081,1081,1081,1081,1082,1082,1082,1082,1082,1082,1077,1077,1077,1077,1077,1077,1084,1084,1084,1084,1084,1084,1084,1128,1128,1128,1128,1128,1177,1177,1177,1177,1177,1177,1177,1177,1177,1177,1177,1182
Dark arrowheads,193,196,195,195,202,207,212,218,222,214,203,197,202,200,195,194,194,191,191,190,193,193,195,194,195,195,192,193,193,183,187,185,185,190,200,200,205,205,216,226,226,238,246,246,251,257,255,257,267,279,288,301,301,296,288,281,282,297,308,306,321,336,341,352,352,352,357,375,375,392,392,410,417,413,402,397,385,390,390,379,382,364,349,335,335,323,309,297,286,277,268,263,263,261,259,255,252,250,254,254,253,247,246,246,247,247,248,256,256,256,254,258,258,264,263,263,267,276,274,274,274,275,266,268,268,269,262,258,254,257,257,263,259,259,263,265,262,256,258,258,260,259,259,256,262,272,282,290,287,287,288,288,279,286,286,291,288,287,287,291,291,289,289,280,267,254,253,251,251,246,245,249,249,249,249,248,239,239,229,228
Diamond bolt tips,100,100,98,98,98,99,99,100,100,98,98,94,94,94,93,93,93,89,89,88,88,88,90,90,92,92,89,89,89,91,91,92,92,92,94,94,93,93,92,92,95,95,96,96,95,95,96,96,99,99,103,103,102,102,102,102,102,105,105,109,109,109,110,110,110,112,112,113,113,107,107,101,101,98,98,98,98,98,98,98,96,96,93,93,93,93,93,93,91,91,94,94,94,94,94,94,91,91,88,88,86,86,82,82,82,80,80,80,80,80,79,79,79,80,80,80,80,80,80,80,80,80,79,79,79,81,81,81,83,83,83,83,83,83,80,80,80,81,81,81,81,81,81,82,82,82,82,82,82,83,83,83,83,84,84,84,83,83,83,81,81,81,81,83,83,83,83,88,88,88,88,85,85,85,85,87,87,87,89,89
Dragon arrowheads,310,311,300,300,302,308,310,311,320,325,320,317,324,333,334,327,312,306,314,301,312,322,333,343,353,347,354,361,365,361,361,347,347,344,348,348,340,327,333,323,307,296,304,316,321,332,340,342,348,345,352,346,348,357,345,354,362,358,367,368,362,361,342,336,334,344,343,345,352,358,358,352,344,346,352,358,361,350,350,356,365,351,339,329,329,327,319,307,309,311,304,299,299,299,306,313,323,327,319,307,305,311,324,337,342,339,348,352,355,362,367,374,368,371,369,369,362,368,373,368,365,367,365,366,366,368,364,360,360,360,357,354,352,352,356,354,355,363,365,365,362,351,351,350,346,344,332,333,324,325,320,321,321,322,327,335,337,346,348,335,335,324,324,311,302,300,305,307,313,313,316,318,320,330,330,325,314,314,310,321
Dragon bolt tips,198,198,199,199,198,198,204,198,192,189,190,190,197,197,194,195,195,195,195,198,199,199,199,199,199,199,198,198,200,198,198,198,198,198,199,199,194,194,199,200,200,208,215,215,212,212,214,214,218,218,222,222,221,221,230,233,233,227,220,211,211,209,209,211,211,211,211,211,211,210,210,212,212,218,218,215,217,217,218,217,212,212,209,208,208,201,201,204,204,212,212,205,205,201,201,201,202,202,208,208,207,207,204,204,203,203,204,204,196,196,196,196,199,197,197,199,199,199,199,199,199,200,200,199,199,200,200,199,199,199,199,198,198,198,198,199,199,198,198,199,199,204,204,212,212,212,212,212,212,212,212,211,211,211,206,206,203,203,203,203,210,210,204,204,203,203,203,203,204,204,199,199,195,195,203,203,202,202,200,200
Dragon crossbow (u),8905877,8905877,8905877,8905877,8905877,8905877,8905877,8905877,8905877,8905877,8905877,8905877,8905877,8905877,8905877,8905877,8905877,8905877,8905877,8905877,8905877,8905877,8905877,8905877,8905877,8905877,8905877,8905877,8905877,8905877,8905877,8905877,8905877,8905877,8905877,8905877,8905877,8905877,8905877,8905877,8905877,8905877,8905877,8905877,8905877,8905877,8905877,8905877,8905877,8905877,8905877,8905877,8905877,8905877,8905877,8905877,8905877,8905877,8905877,8905877,8488860,8488860,8488860,8488860,8488860,8488860,8488860,8488860,8488860,8488860,8488860,8488860,8488860,8488860,8488860,8488860,8488860,8488860,8488860,8488860,8488860,8488860,8488860,8488860,8488860,8488860,8488860,8488860,8488860,8488860,8488860,8488860,8488860,8488860,8488860,8488860,8488860,8488860,8488860,8488860,8488860,8488860,8488860,8488860,8488860,8488860,8488860,8488860,8488860,8488860,8488860,8488860,8488860,8488860,8488860,8488860,8488860,8488860,8488860,8488860,8488860,8488860,8488860,8488860,8488860,8488860,8488860,8488860,8488860,8488860,8488860,8488860,8488860,8488860,8488860,8488860,8488860,8488860,8488860,8488860,8488860,8488860,8488860,8488860,8488860,8488860,8488860,8488860,8488860,8488860,8488860,8488860,8488860,8488860,8488860,8488860,8488860,8488860,8488860,8488860,8488860,8488860,8488860,8488860,8488860,8488860,8488860,8488860,8488860,8488860,8488860,8488860,8488860,8488860,8488860,8488860,8488860,8488860,8488860,8488860
Dragon dart tip,689,656,627,627,595,568,547,552,567,586,612,612,610,635,635,664,664,678,678,706,717,717,734,734,758,758,765,778,778,799,799,827,827,863,879,879,884,884,890,884,884,845,873,873,876,857,884,884,863,821,830,830,834,823,842,849,849,870,871,881,881,891,891,886,886,898,885,900,900,912,912,938,966,933,920,912,910,872,872,856,841,841,811,797,797,781,781,785,785,799,799,789,789,794,805,805,817,817,808,814,814,812,835,835,866,866,897,901,859,859,854,854,835,797,781,781,774,792,792,813,813,803,815,815,833,833,854,854,852,854,854,853,858,858,861,861,861,861,861,861,868,866,866,870,870,870,870,862,882,882,841,849,849,862,862,862,879,888,888,882,882,843,843,801,763,727,695,674,672,672,684,704,704,729,729,734,734,755,759,759
Dragon limbs,4666227,4666227,4666227,4666227,4666227,4666227,4666227,4666227,4666227,4666227,4666227,4666227,4666227,4666227,4840656,4840656,4840656,4840656,4840656,4840656,4840656,4840656,4840656,4840656,4840656,4840656,4840656,4840656,4840656,4840656,4840656,4840656,4840656,4840656,4840656,4840656,4995115,4995115,4995115,4995115,4995115,4995115,4995115,4995115,4995115,4995115,4995115,4995115,4995115,4995115,4995115,4995115,4995115,4995115,4995115,4995115,4995115,4995115,4995115,4995115,4988930,4988930,4988930,4988930,4988930,4988930,4988930,4988930,4988930,4988930,4988930,4988930,4988930,4988930,4988930,4988930,4988930,4988930,4988930,4988930,4988930,4988930,4988930,5080250,5080250,5080250,5080250,5080250,5080250,5080250,5080250,5080250,5080250,5080250,5080250,5080250,5080250,5080250,5080250,5080250,5080250,5278252,5278252,5278252,5278252,5278252,5278252,5278252,5278252,5278252,5278252,5278252,5278252,5278252,5278252,5278252,5278252,5278252,5278252,5278252,5278252,5278252,5531868,5531868,5531868,5531868,5531868,5531868,5531868,5531868,5531868,5531868,5531868,5531868,5531868,5531868,5531868,5531868,5531868,5531868,5531868,5531868,5531868,5531868,5531868,5531868,5531868,5531868,5531868,5531868,5531868,5531868,5531868,5776280,5776280,5776280,5776280,5776280,5776280,5776280,5776280,5776280,5776280,5776280,5776280,5776280,5776280,5776280,5776280,5776280,5776280,5776280,5776280,5776280,5776280,5776280,5776280,5776280,5776280,5776280
Elder headless arrow,2000,2000,2000,2000,2000,2000,2000,2000,2000,2000,2000,2000,2000,2000,2000,2000,2000,2000,2000,2000,2000,2000,2000,2000,2000,2000,2000,2000,2000,2000,2000,2000,2000,2000,2000,2000,2000,2000,2000,2000,2000,2000,2000,2000,2000,2000,2000,2000,2000,2000,2000,2000,2000,2000,2000,2000,2000,2000,2000,2000,2000,2000,2000,2000,2000,2000,2000,2000,2000,2000,2000,2000,2000,2000,2000,2000,2000,2000,2000,2000,2000,2000,2000,1905,1905,1905,1905,1905,1905,1905,1818,1818,1818,1818,1818,1818,1818,1818,1818,1818,1818,1818,1818,1729,1729,1729,1729,1729,1729,1729,1729,1729,1729,1729,1729,1729,1729,1729,1729,1643,1643,1643,1643,1643,1643,1643,1643,1643,1643,1643,1643,1643,1643,1643,1643,1643,1643,1643,1643,1643,1643,1563,1563,1563,1563,1563,1563,1563,1563,1563,1563,1563,1563,1563,1563,1563,1563,1563,1563,1563,1563,1563,1563,1563,1563,1563,1563,1563,1563,1563,1563,1486,1486,1486,1486,1486,1486,1486,1486,1486
Elder shieldbow (u),5010,5009,5009,5009,5009,5009,5009,5009,5009,5057,5057,5057,5057,5057,5057,5057,5101,5101,5101,5101,5101,5101,5101,5101,5099,5099,5099,5099,5099,5099,5099,5099,5137,5137,5137,5137,5137,5137,5137,5137,5137,5137,5170,5170,5170,5170,5170,5170,5170,5170,5312,5312,5312,5312,5312,5312,5312,5312,5421,5421,5421,5421,5421,5421,5421,5421,5396,5396,5396,5396,5396,5396,5396,5396,5502,5502,5502,5502,5502,5502,5335,5335,5335,5335,5335,5335,5168,5168,5168,5168,5168,5168,5168,5169,5169,5169,5169,5169,5169,5169,5089,5089,5089,5089,5089,5089,5089,5089,5246,5246,5246,5246,5246,5246,5246,5246,5246,5361,5361,5361,5361,5361,5361,5361,5361,5361,5290,5290,5290,5290,5290,5290,5290,5290,5290,5201,5201,5201,5201,5201,5201,5201,5201,5201,5275,5275,5275,5275,5275,5275,5275,5275,5275,5386,5386,5386,5386,5386,5386,5386,5386,5487,5487,5487,5487,5487,5487,5487,5487,5487,5503,5503,5503,5503,5503,5503,5503,5503,5503,5503
Elder shortbow (u),5129,5129,5129,5129,5283,5283,5283,5283,5283,5373,5373,5373,5373,5373,5225,5225,5225,5225,5225,5244,5244,5244,5244,5244,5311,5311,5311,5311,5311,5444,5444,5444,5444,5444,5444,5622,5622,5622,5622,5622,5622,5584,5584,5584,5584,5584,5584,5664,5664,5664,5664,5664,5651,5651,5651,5651,5651,5739,5739,5739,5739,5739,5739,5676,5676,5676,5676,5676,5676,5769,5769,5769,5769,5769,5769,5734,5734,5734,5734,5680,5680,5680,5680,5532,5532,5532,5532,5532,5532,5743,5743,5743,5743,5743,5910,5910,5910,5910,5910,6103,6103,6103,6103,6103,6103,6091,6091,6091,6091,6091,5961,5961,5961,5961,5961,5961,5747,5747,5747,5747,5747,5641,5641,5641,5641,5641,5641,5783,5783,5783,5783,5783,5783,5939,5939,5939,5939,5939,5885,5885,5885,5885,5885,5885,5986,5986,5986,5986,5986,5986,5840,5840,5840,5840,5840,5840,5896,5896,5896,5896,5896,5896,5896,5896,5896,5896,5896,5896,5896,5896,5912,5912,5912,5912,5912,5912,5838,5838,5838,5838
Eldritch crossbow limb,415000,415000,415000,415000,415000,415000,415000,415000,415000,415000,415000,415000,415000,415000,415000,415000,415000,415000,415000,415000,415000,415000,415000,415000,415000,415000,415000,415000,415000,415000,415000,415000,415000,415000,415000,415000,415000,415000,415000,415000,415000,415000,415000,415000,415000,415000,415000,415000,415000,415000,415000,415000,415000,415000,415000,415000,415000,415000,415000,415000,415000,415000,415000,415000,415000,415000,415000,415000,415000,415000,415000,415000,415000,415000,415000,415000,415000,415000,415000,415000,415000,431801,450730,450730,470833,470833,491020,491020,491020,512451,512451,512451,512451,512451,535029,535029,535029,535029,535029,535029,535029,535029,557874,557874,557874,557874,557874,557874,557874,557874,557874,557874,557874,581861,581861,581861,581861,581861,581861,581861,581861,581861,581861,581861,581861,607507,607507,607507,607507,607507,607507,607507,607507,607507,607507,607507,607507,607507,634976,634976,634976,634976,634976,634976,634976,634976,634976,634976,634976,634976,662067,662067,662067,662067,662067,662067,662067,662067,662067,662067,662067,691412,691412,691412,691412,691412,691412,691412,691412,691412,691412,691412,691412,722101,722101,722101,722101,722101,722101,722101
Eldritch crossbow mechanism,415000,415000,415000,415000,415000,415000,415000,415000,415000,415000,415000,415000,415000,415000,415000,415000,415000,415000,415000,415000,415000,415000,415000,415000,415000,415000,415000,415000,415000,415000,415000,415000,415000,415000,415000,415000,415000,415000,415000,415000,415000,415000,415000,415000,415000,415000,415000,415000,415000,415000,415000,415000,415000,415000,415000,415000,415000,415000,415000,415000,415000,415000,415000,415000,415000,415000,415000,415000,415000,415000,415000,415000,415000,415000,415000,415000,415000,415000,415000,415000,415000,415000,431427,431427,431427,450832,450832,450832,450832,471217,471217,471217,471217,471217,471217,471217,492473,492473,492473,492473,492473,492473,492473,492473,492473,492473,492473,492473,513745,513745,513745,513745,513745,513745,513745,513745,513745,513745,513745,513745,513745,513745,513745,513745,513745,536984,536984,536984,536984,536984,536984,536984,536984,536984,536984,536984,536984,536984,536984,536984,536984,536984,536984,561400,561400,561400,561400,561400,561400,561400,561400,561400,561400,561400,561400,561400,561400,561400,586683,586683,586683,586683,586683,586683,586683,586683,586683,586683,586683,586683,586683,586683,586683,586683,586683,612559,612559,612559,612559,612559
Eldritch crossbow stock,415000,415000,415000,415000,415000,415000,415000,415000,415000,415000,415000,415000,415000,415000,415000,415000,415000,415000,415000,415000,415000,415000,415000,415000,415000,415000,415000,415000,415000,415000,415000,415000,415000,415000,415000,415000,415000,415000,415000,415000,415000,415000,415000,415000,415000,415000,415000,415000,415000,415000,415000,415000,415000,415000,415000,415000,415000,415000,415000,415000,415000,415000,415000,415000,415000,415000,415000,415000,415000,415000,415000,415000,415000,415000,415000,415000,415000,415000,415000,415000,415000,431438,431438,450454,450454,470020,470020,470020,470020,491334,491334,491334,491334,491334,491334,491334,512928,512928,512928,512928,512928,512928,512928,512928,512928,512928,535362,535362,535362,535362,535362,535362,535362,535362,535362,535362,535362,535362,535362,535362,535362,558305,558305,558305,558305,558305,558305,558305,558305,558305,558305,558305,558305,558305,558305,558305,558305,558305,583235,583235,583235,583235,583235,583235,583235,583235,583235,583235,583235,583235,583235,583235,583235,608723,608723,608723,608723,608723,608723,608723,608723,608723,608723,608723,608723,608723,608723,608723,608723,635285,635285,635285,635285,635285,635285,635285,635285,635285,635285,635285
Emerald bolt tips,52,52,52,53,53,53,56,56,56,59,59,59,62,62,62,63,63,63,63,62,62,62,62,62,62,62,62,62,61,61,61,60,60,58,56,56,56,55,55,53,53,53,53,51,51,50,50,50,49,49,47,47,45,45,45,46,46,46,46,46,46,46,46,48,48,48,49,49,49,47,47,47,45,45,44,44,44,42,42,42,41,41,41,39,39,39,37,37,35,35,34,33,33,32,30,30,29,29,27,27,26,26,24,24,24,23,23,22,22,22,21,21,21,20,20,20,19,19,19,19,19,19,19,19,19,19,19,18,18,18,18,18,18,18,18,18,18,18,18,18,18,18,18,18,18,18,18,18,18,18,18,18,18,18,18,18,18,18,18,18,18,18,18,18,18,18,18,18,19,19,19,19,18,18,18,18,18,18,18,18
Feather,8,8,9,9,9,9,10,10,10,10,10,10,10,10,10,10,10,10,10,10,10,10,10,10,10,10,10,10,10,9,9,9,9,9,10,10,10,10,10,10,10,10,11,11,11,11,11,11,11,11,11,12,12,12,12,12,12,12,12,12,12,12,12,12,12,12,12,12,12,12,12,12,12,12,12,12,11,10,10,9,9,9,9,10,10,10,10,10,10,10,10,10,10,10,10,10,10,10,10,10,10,10,10,10,10,10,10,10,10,10,9,10,10,11,11,11,11,11,11,11,12,12,12,12,12,12,12,12,12,12,12,12,12,12,12,12,12,12,12,12,12,12,12,12,12,12,12,12,12,12,12,12,12,12,12,12,12,12,12,12,12,12,13,13,13,13,13,13,13,13,13,13,13,13,13,13,13,13,13,13
Flighted ogre arrow,278,278,278,278,278,278,278,278,278,278,278,278,278,278,278,268,268,268,268,268,268,268,268,268,268,268,268,268,268,268,268,268,268,268,268,268,268,268,268,268,268,268,259,259,259,259,259,259,259,259,259,259,259,259,259,259,259,259,259,259,259,259,259,259,259,259,259,259,259,259,259,259,259,259,259,259,259,259,259,259,265,265,265,265,265,265,265,265,265,265,265,265,265,265,265,265,265,265,265,265,265,265,265,265,265,265,265,265,265,265,265,265,265,265,265,265,265,265,265,265,265,265,271,271,271,271,271,271,271,271,271,271,271,271,271,271,271,271,271,271,271,271,271,271,271,271,271,271,271,271,271,271,271,271,271,271,271,271,271,271,271,271,271,271,271,271,271,271,271,271,271,271,271,271,271,271,271,271,271,271
Headless arrow,29,29,29,28,28,28,29,30,31,31,30,30,30,31,31,31,30,30,30,31,31,31,32,32,33,34,34,35,36,36,36,37,36,35,34,34,35,34,33,32,31,32,32,32,33,33,33,33,33,33,33,33,32,32,33,32,32,32,33,33,33,33,33,34,34,35,34,35,35,35,36,36,36,37,37,37,37,37,36,35,34,32,31,31,31,32,32,32,32,32,32,33,33,34,35,35,36,37,37,37,38,38,38,38,39,39,39,38,38,38,38,38,38,38,38,38,38,39,38,38,38,38,38,39,40,40,40,40,40,40,40,41,41,40,41,41,41,41,43,43,43,43,43,43,43,43,43,43,43,43,43,43,43,43,43,44,44,44,44,44,43,42,41,40,40,39,39,39,40,40,41,42,43,43,43,43,43,43,43,44
Hydrix bolt tips,9737,9729,9725,9745,9737,9654,9734,9746,9724,9702,9738,9683,9714,9644,9340,9454,9744,9724,9666,9757,9669,9670,9545,9557,9552,9658,9479,9519,9505,9418,9394,9485,9439,9184,9267,9228,9310,9388,9475,9528,9534,9563,9531,9525,9437,9501,9495,9498,9510,9545,9567,9573,9594,9598,9605,9601,9589,9644,9657,9618,9627,9694,9644,9676,9697,9687,9655,9714,9646,9655,9709,9737,9750,9715,9724,9734,9733,9664,9743,9729,9745,9668,9659,9638,9657,9635,9634,9642,9725,9731,9702,9678,9674,9615,9584,9534,9547,9524,9570,9564,9576,9592,9601,9589,9601,9639,9628,9581,9558,9578,9395,9477,9543,9557,9612,9612,9598,9607,9575,9588,9588,9421,9487,9536,9540,9570,9646,9647,9574,9583,9581,9584,9579,9602,9594,9623,9570,9581,9616,9600,9601,9581,9551,9537,9530,9568,9565,9628,9693,9651,9639,9642,9688,9674,9631,9622,9625,9571,9526,9546,9567,9577,9629,9649,9657,9667,9657,9694,9713,9652,9826,9728,9633,9609,9613,9612,9621,9618,9655,9667
Iron arrowheads,17,17,17,18,18,18,18,18,18,19,19,19,19,19,19,19,19,19,19,19,20,20,20,20,20,20,20,20,20,20,20,20,20,20,20,20,20,20,19,19,19,19,19,19,19,19,18,18,18,18,18,18,18,18,18,18,18,18,18,18,18,18,18,18,18,18,18,18,18,18,18,18,18,18,18,18,18,18,18,18,19,19,19,19,19,19,20,20,20,20,20,20,20,20,20,20,20,20,20,20,20,20,20,20,20,20,20,20,20,20,20,20,20,20,19,19,19,19,19,19,18,18,18,18,18,18,17,17,17,17,17,17,16,16,16,16,16,16,15,15,15,15,15,15,15,15,15,15,15,15,15,15,15,15,15,15,15,14,14,14,14,14,14,14,13,13,13,13,13,13,13,13,13,13,13,13,13,12,12,12
Iron bolts (unf),14,14,14,14,14,14,14,14,14,14,14,14,14,14,14,14,14,14,14,14,14,14,14,14,14,14,14,14,14,14,14,14,14,14,14,14,14,14,14,14,14,14,15,15,15,15,15,15,15,15,15,15,15,15,15,15,15,15,15,15,15,15,15,15,15,15,15,15,15,15,15,15,15,15,15,15,15,15,15,15,15,15,15,15,15,15,15,15,15,15,15,15,15,15,15,15,15,15,15,15,15,15,15,15,15,15,15,15,15,15,15,15,15,15,15,15,15,15,15,15,15,15,15,15,15,15,15,15,15,15,15,15,15,15,15,15,15,15,15,15,15,15,15,15,15,15,15,15,15,15,15,15,15,15,15,15,15,15,15,15,15,15,15,15,15,15,15,15,15,15,15,15,15,15,15,15,15,15,15,15
Iron crossbow (u),60,60,60,60,60,60,60,60,60,60,60,60,60,60,60,60,60,60,60,60,60,60,60,60,60,60,60,60,60,60,60,62,62,62,62,62,62,62,62,62,62,62,62,62,62,62,62,62,62,62,62,62,62,62,62,62,62,62,62,62,62,62,62,62,62,62,62,62,62,62,62,62,62,62,62,62,62,62,62,62,62,62,62,62,62,62,62,62,62,65,65,65,65,65,65,65,65,65,65,65,65,65,65,65,65,65,65,65,65,65,65,65,65,65,65,65,65,65,65,65,65,65,65,65,65,65,65,65,65,65,65,65,65,65,65,65,65,65,65,65,65,65,65,65,65,65,65,65,65,65,65,65,65,65,65,68,68,68,68,68,68,68,68,68,68,68,68,68,68,68,68,68,68,68,68,68,68,68,68,68
Iron dart tip,21,21,21,21,21,21,21,21,21,21,21,21,21,21,21,21,21,21,21,21,21,21,21,21,21,21,21,21,21,21,21,21,21,21,21,21,21,21,21,21,21,21,21,21,21,21,21,23,23,23,23,23,23,23,23,23,23,23,23,23,23,23,23,23,23,23,23,23,23,23,23,23,23,23,23,23,23,23,23,23,23,23,23,23,23,23,23,23,23,23,23,23,23,23,23,23,23,23,23,23,23,23,23,23,23,23,23,23,23,23,23,23,23,23,23,23,23,23,23,23,23,23,23,23,23,23,23,23,23,23,23,23,23,23,23,23,23,23,23,23,23,23,23,23,23,23,23,23,23,23,23,23,23,23,23,23,23,23,23,23,23,23,23,23,23,23,23,23,23,23,23,23,23,23,23,23,23,23,23,23
Iron limbs,100,100,100,100,100,100,100,100,100,100,100,100,100,100,100,100,100,100,100,100,100,100,100,100,100,100,100,100,100,100,100,100,100,100,100,100,100,100,100,100,100,100,100,100,100,100,100,100,100,100,100,100,100,100,100,100,104,104,104,104,104,104,104,104,104,104,104,104,104,104,104,104,104,104,104,104,104,104,104,104,104,104,104,104,104,104,104,104,104,104,104,104,104,104,104,104,104,104,104,104,104,104,104,104,104,104,104,104,104,104,104,104,104,104,104,104,104,104,104,104,104,104,104,104,104,104,104,104,104,104,104,104,104,104,104,104,104,104,104,104,104,104,104,104,104,104,104,104,104,104,104,104,104,104,104,104,104,104,104,104,104,104,104,104,104,104,104,104,104,104,104,109,109,109,109,109,109,109,109,109
Jade bolt tips,19,19,19,19,19,19,19,19,19,20,20,20,20,20,20,20,20,20,20,20,21,21,21,21,21,21,21,21,21,21,22,22,24,26,27,26,26,25,24,22,22,21,22,22,21,20,20,20,20,20,20,20,19,19,19,20,20,20,20,20,20,20,20,20,20,20,20,20,20,20,20,21,21,20,20,20,19,18,18,17,16,16,15,15,15,14,14,13,13,12,12,11,11,10,9,9,8,8,8,8,8,8,8,8,8,9,9,10,10,10,10,10,10,10,10,10,10,10,10,10,10,10,10,10,10,10,10,10,10,9,9,9,9,9,9,9,9,9,9,9,9,9,9,9,9,9,9,9,9,9,9,9,9,9,9,9,9,8,8,8,7,7,7,7,7,7,7,7,7,7,7,7,7,7,7,7,7,7,6,6
Magic shieldbow (u),418,416,415,415,406,406,410,406,406,409,418,418,419,418,418,422,422,420,420,426,442,442,435,439,448,448,441,438,438,424,424,414,414,419,421,421,415,415,428,440,440,439,417,417,409,409,427,427,442,442,448,448,456,456,444,443,443,428,413,406,406,406,406,405,405,412,412,418,418,432,432,438,438,435,435,436,445,438,438,422,402,389,385,385,385,387,387,387,387,401,401,410,410,418,422,422,423,423,417,417,426,426,433,433,433,433,442,442,447,447,456,456,455,451,451,454,454,462,462,449,449,447,447,457,457,460,460,468,468,470,470,466,456,456,443,443,451,451,454,454,458,474,474,472,472,485,485,488,488,499,502,502,517,517,537,546,555,551,551,542,542,539,539,532,532,521,521,519,519,522,522,514,514,521,521,513,513,502,502,491
Magic shortbow (u),420,428,428,428,433,433,433,450,450,450,457,457,457,445,445,430,430,430,427,427,429,429,429,435,435,441,441,447,447,450,450,450,450,450,444,444,444,437,437,439,439,439,437,437,447,447,447,451,451,450,450,450,443,443,443,448,448,448,456,456,457,457,457,457,457,457,455,455,455,463,463,463,473,473,480,480,496,496,490,490,481,481,472,472,472,455,455,458,458,464,464,466,466,466,474,474,474,474,474,476,476,476,490,490,490,501,501,513,513,513,531,531,531,542,542,542,540,540,540,532,532,532,526,526,526,535,535,535,531,531,531,526,526,526,520,520,520,522,522,522,528,528,528,522,522,522,520,520,520,515,515,515,513,513,513,519,519,517,517,517,517,534,534,534,548,548,548,572,572,572,585,585,585,578,578,578,581,581,581,577
Magic stock,134,140,140,140,140,140,143,143,143,143,143,143,143,143,143,143,143,147,147,147,147,147,146,146,146,146,145,145,145,145,145,150,150,150,150,150,150,150,150,149,149,149,149,149,149,150,150,150,150,150,150,156,156,156,156,156,158,158,158,158,158,158,159,159,159,159,159,159,159,159,159,159,159,161,161,161,161,161,166,166,158,158,158,155,155,155,155,155,157,157,157,157,157,156,156,156,156,156,161,161,161,161,161,161,168,168,168,168,168,168,167,167,167,167,167,167,167,174,174,174,174,174,174,181,181,181,181,181,181,188,188,188,188,188,188,187,187,187,187,187,187,192,192,192,192,192,192,186,186,186,186,186,186,186,191,191,191,191,191,196,196,196,196,196,196,203,203,203,203,203,203,207,207,207,207,207,207,212,212,212
Mahogany stock,81,81,81,81,81,81,81,81,81,81,81,81,81,81,81,81,81,81,81,82,82,82,82,82,82,82,82,82,82,82,82,82,82,82,82,82,82,82,82,82,82,82,82,82,82,82,82,82,82,82,82,82,82,84,84,84,84,84,84,84,84,84,84,84,84,84,84,84,84,84,84,84,84,84,84,84,84,84,84,84,84,84,84,84,84,84,84,84,84,84,84,84,84,84,84,84,84,84,84,84,84,84,84,84,84,84,84,84,84,84,84,84,84,84,84,84,84,84,84,84,84,84,84,84,84,84,84,84,84,84,84,84,84,84,84,84,84,84,84,84,84,84,84,84,84,84,84,84,84,84,84,84,84,84,84,87,87,87,87,87,87,87,87,87,87,87,87,87,87,87,87,87,87,87,87,87,87,87,87,87
Maple shieldbow (u),95,96,96,96,96,96,96,96,96,96,96,95,95,96,96,98,98,97,97,96,96,96,96,96,95,95,95,95,95,95,95,95,95,95,95,95,95,96,96,96,96,96,96,96,96,96,96,96,96,96,96,98,98,98,98,97,97,97,97,97,97,97,97,99,99,98,98,98,98,97,97,97,97,97,96,96,99,99,97,96,96,96,97,97,97,97,97,98,98,100,100,100,100,100,98,98,98,101,101,103,103,103,102,102,102,100,100,99,99,99,98,98,98,97,97,97,97,97,97,98,98,100,100,101,101,101,104,104,104,103,103,103,102,102,102,102,102,102,100,100,100,100,100,100,99,99,99,101,101,101,102,102,102,105,105,105,110,110,108,108,108,110,110,110,115,115,115,120,120,120,125,125,125,128,128,128,129,129,129,132
Maple shortbow (u),97,96,96,96,96,100,100,100,100,102,102,102,102,102,102,102,102,105,105,105,105,107,107,107,109,109,109,112,112,112,112,116,116,116,116,116,116,116,116,116,118,118,118,118,120,120,120,120,121,121,121,121,123,123,123,123,124,124,124,125,125,125,125,126,126,126,126,125,125,125,125,125,122,122,122,122,122,122,122,120,120,117,117,117,117,117,117,117,117,120,120,120,120,122,122,122,122,126,126,126,126,128,128,128,128,128,131,131,131,131,133,133,133,133,133,133,132,132,132,132,132,132,132,132,132,132,132,132,132,132,132,131,131,131,131,131,132,132,132,132,132,137,137,137,137,137,140,140,140,140,140,142,142,142,142,142,147,147,147,147,147,149,149,149,149,149,153,153,153,153,153,153,153,153,153,153,150,150,150,150
Maple stock,79,79,79,79,79,79,79,79,79,79,79,79,79,79,79,79,79,79,79,79,79,79,79,79,79,79,79,79,79,81,81,81,81,81,81,81,81,81,81,81,81,81,81,81,81,81,81,81,81,81,81,81,81,81,81,81,81,81,81,81,81,81,81,81,81,81,81,81,81,81,81,81,81,81,81,81,81,81,81,81,81,81,81,81,81,81,81,81,81,81,81,81,81,81,81,81,83,83,83,83,83,83,83,83,83,83,83,83,83,83,83,83,83,83,83,83,83,83,83,83,83,83,83,83,83,83,83,83,83,83,83,83,83,83,83,83,83,83,83,83,84,84,84,84,84,84,84,84,84,84,84,84,84,84,84,84,84,84,84,84,84,84,84,84,84,84,84,84,84,84,84,84,84,84,84,84,84,84,84,84
Mithril arrowheads,85,85,84,84,81,81,81,82,82,82,80,80,81,82,82,82,82,82,82,83,81,81,80,80,79,79,79,80,80,82,82,83,83,82,80,80,78,78,76,74,74,70,67,67,63,60,57,54,51,51,48,46,44,44,42,41,41,38,36,35,35,34,34,35,35,35,35,36,36,36,36,36,36,36,36,36,35,36,36,37,38,38,37,37,37,36,36,36,36,36,36,36,36,38,38,38,39,39,39,39,39,39,38,38,38,38,37,37,37,37,37,37,38,38,38,38,37,37,36,36,36,36,37,37,37,37,37,37,37,37,37,37,37,37,37,37,37,37,37,36,36,36,36,36,36,36,36,36,37,37,38,38,38,38,38,38,39,39,38,38,37,37,37,37,37,37,37,37,36,36,36,36,35,35,35,35,33,33,32,32
Mithril bolts (unf),121,121,121,121,118,118,118,118,118,118,118,118,118,118,118,118,118,118,118,118,116,116,116,116,116,116,116,116,116,116,116,116,116,112,112,112,112,112,112,112,112,108,108,108,108,108,108,108,103,103,103,103,103,103,103,103,103,99,99,99,99,99,99,99,99,99,99,95,95,95,95,95,95,95,95,95,95,91,91,91,91,91,91,91,91,89,89,89,89,89,89,89,89,89,87,87,87,87,87,87,87,87,87,87,87,87,84,84,84,84,84,84,84,84,84,84,84,84,84,81,81,81,81,81,81,81,81,81,81,81,81,81,81,81,80,80,80,80,80,80,80,80,80,80,80,80,80,80,79,79,79,79,79,79,79,79,79,79,79,79,79,79,79,79,79,78,78,78,78,78,78,78,78,78,78,78,78,78,78,78
Mithril crossbow (u),610,610,610,610,610,610,610,610,610,610,610,610,610,610,610,610,610,610,610,610,610,610,610,610,610,610,610,610,610,610,610,610,610,610,610,610,610,610,610,610,610,610,610,610,610,610,610,610,610,610,610,625,625,625,625,625,625,625,625,625,625,625,625,625,625,625,625,625,625,625,625,625,625,625,625,625,625,625,625,625,625,625,625,625,625,625,625,625,625,651,651,651,651,651,651,651,651,651,651,651,651,651,651,651,651,651,651,651,651,651,651,651,651,651,651,651,651,651,651,651,651,651,651,651,651,651,651,651,651,651,651,651,651,651,651,651,651,651,651,651,651,651,651,651,651,651,651,651,651,651,651,651,670,670,670,670,670,670,670,670,670,670,670,670,670,670,670,670,670,670,670,670,670,670,670,670,670,670,670,670
Mithril dart tip,157,158,158,158,158,158,158,158,158,158,158,158,158,158,158,158,158,158,158,158,158,158,158,158,158,158,158,158,158,154,154,154,154,154,154,154,154,154,154,154,154,154,154,154,154,154,154,154,154,154,154,154,155,155,155,155,155,155,155,155,155,155,155,155,155,155,155,155,155,155,155,155,155,155,155,155,155,155,155,155,156,156,156,156,156,156,156,156,156,156,156,156,156,156,156,156,156,156,156,156,156,156,156,156,156,156,156,156,156,156,157,157,157,157,157,157,157,157,157,157,157,157,157,157,157,157,157,157,157,157,157,157,157,157,157,157,157,157,157,157,157,157,157,157,157,157,157,157,157,158,158,158,158,158,158,158,158,158,158,158,158,158,158,158,158,158,158,158,158,158,158,158,158,158,158,158,158,158,158,158
Mithril grapple (unf),753,753,753,753,753,753,753,753,726,726,726,726,726,726,726,726,726,726,726,726,726,726,726,726,726,726,726,726,726,726,726,726,726,726,726,726,726,726,726,726,726,726,726,726,726,726,726,726,726,726,726,726,726,726,726,726,708,708,708,708,708,708,708,708,708,708,708,708,708,708,708,708,708,708,708,708,708,708,708,708,708,708,727,727,727,727,727,727,727,727,727,727,727,727,727,727,727,727,727,727,727,727,727,727,727,727,727,727,727,727,727,727,727,727,727,727,727,727,740,740,740,740,740,740,740,740,740,740,740,740,740,740,740,740,740,740,740,740,740,740,740,740,740,740,740,740,740,740,740,740,740,740,740,740,740,740,740,740,740,740,740,740,740,740,740,740,740,740,740,740,740,740,722,722,722,722,722,722,722,722
Mithril grapple tip,174,174,174,174,174,174,174,174,174,174,174,172,172,172,172,172,172,172,172,172,172,172,172,166,166,166,166,166,166,166,166,166,166,166,166,166,160,160,160,160,160,160,160,160,160,160,160,160,160,160,160,160,160,160,160,160,160,160,160,166,166,166,166,166,166,166,166,166,166,166,166,166,166,166,166,166,166,166,166,166,166,166,172,172,172,172,172,172,172,172,172,172,172,172,172,172,172,172,172,172,172,172,172,172,172,172,172,172,172,172,180,180,180,180,180,180,180,180,180,180,180,180,180,180,180,180,180,180,180,180,180,180,180,180,180,180,180,180,180,180,180,180,180,180,180,180,180,188,188,188,188,188,188,188,188,188,188,188,188,188,188,188,188,188,188,188,188,188,188,188,188,188,188,188,188,188,188,188,188,188
Mithril limbs,637,637,637,637,637,637,637,637,637,637,637,637,637,637,637,637,637,637,637,637,637,637,637,637,637,637,637,637,637,637,637,637,637,637,637,637,637,659,659,659,659,659,659,659,659,659,659,659,659,659,659,659,659,659,659,659,659,659,659,659,659,659,659,659,659,659,659,659,659,659,659,659,659,659,659,659,659,659,659,659,659,659,659,683,683,683,683,683,683,683,683,683,683,683,683,683,683,683,683,683,683,683,683,683,683,683,683,683,683,683,683,683,683,683,683,683,683,683,683,683,683,683,683,683,683,683,683,683,683,683,683,683,683,683,683,683,683,683,683,683,683,710,710,710,710,710,710,710,710,710,710,710,710,710,710,710,710,710,710,710,710,710,710,710,710,710,710,710,710,710,710,710,710,710,710,710,710,710,710,710
Mutated vine,16,16,16,16,16,16,15,15,15,15,15,15,16,16,16,16,16,16,16,17,17,17,17,17,17,17,17,17,17,17,17,18,18,18,18,18,18,18,18,18,19,19,19,19,19,19,19,18,18,18,18,18,18,18,19,19,19,19,19,19,19,19,19,19,19,19,19,19,20,20,20,20,20,20,20,20,20,20,20,20,20,20,20,20,20,20,20,20,20,20,20,20,20,20,20,20,20,20,20,20,20,20,20,20,20,20,20,20,20,20,20,20,20,20,20,20,20,20,20,20,20,20,20,20,20,20,20,20,20,20,20,20,20,20,20,20,20,20,20,20,20,20,20,20,20,20,20,20,20,20,20,20,20,20,20,20,20,20,20,20,20,20,20,20,21,21,21,21,21,21,21,21,21,21,21,21,21,21,21,21
Oak shieldbow (u),33,33,33,33,33,33,33,33,35,35,35,35,35,35,35,35,35,35,35,34,34,34,34,34,32,32,32,32,32,32,32,31,31,31,31,31,32,32,32,32,31,31,31,31,31,31,31,31,32,32,32,32,33,33,33,33,32,32,32,32,32,32,32,33,33,33,33,34,34,34,34,34,35,35,35,35,36,36,36,36,36,36,36,36,36,36,36,36,36,36,38,38,38,38,40,40,40,40,41,41,41,41,42,42,42,42,42,45,45,45,45,45,47,47,47,47,47,47,49,49,49,49,49,52,52,52,52,52,52,54,54,54,54,54,56,56,56,56,56,59,59,59,59,59,62,62,62,62,62,66,66,66,66,66,66,70,70,70,70,70,73,73,73,73,73,77,77,77,77,77,77,81,81,81,81,81,83,83,83,83
Oak shortbow (u),51,51,50,50,50,50,50,50,50,50,50,50,50,50,50,48,48,48,48,48,48,46,46,46,46,46,46,45,45,45,45,45,45,45,45,45,45,45,45,45,45,45,43,43,43,43,43,43,44,44,44,44,44,44,44,44,44,44,44,44,44,44,44,45,45,45,45,45,45,45,45,45,45,45,45,45,45,45,46,46,46,46,46,46,46,48,48,48,48,48,48,48,48,50,50,50,50,50,50,50,50,52,52,52,52,52,52,52,52,52,55,55,55,55,55,55,55,55,55,55,55,56,56,56,56,56,56,56,56,56,56,58,58,58,58,58,58,58,58,58,60,60,60,60,60,60,60,60,60,60,62,62,62,62,62,62,62,62,62,62,64,64,64,64,64,64,64,64,64,64,67,67,67,67,67,67,67,67,67,67
Oak stock,24,24,24,24,24,24,24,24,24,24,24,24,24,24,24,24,24,24,24,24,24,24,24,24,24,24,25,25,25,25,25,25,25,25,25,25,25,25,25,25,25,25,25,25,25,25,25,25,25,25,25,25,25,25,25,25,25,25,25,26,26,26,26,26,26,26,26,26,26,26,26,26,26,26,26,26,26,26,26,26,26,26,26,26,26,26,26,26,26,26,26,26,26,26,26,26,26,26,26,26,26,26,26,26,26,26,26,26,26,26,26,26,26,26,26,26,26,26,26,26,26,26,26,26,26,26,26,26,26,26,26,26,26,27,27,27,27,27,27,27,27,27,27,27,27,27,27,27,27,27,27,27,27,27,27,27,27,27,27,27,27,27,27,27,27,27,27,27,27,27,27,27,27,27,27,27,28,28,28,28
Ogre arrow shaft,84,84,84,84,84,84,84,84,84,84,84,84,84,84,84,84,84,84,84,84,84,84,84,84,84,84,84,84,84,84,84,84,84,84,84,84,84,84,84,84,84,84,84,84,84,84,83,83,83,83,83,83,83,83,83,83,83,83,83,83,83,83,83,83,83,83,83,83,83,83,83,83,83,83,83,83,83,83,83,83,83,83,83,83,83,83,83,83,83,83,83,83,83,83,86,86,86,86,86,86,86,86,86,86,86,86,86,86,86,86,86,86,86,86,86,86,86,86,86,86,86,86,86,86,86,86,86,86,86,86,86,86,86,86,86,86,86,86,86,86,86,86,86,86,86,86,86,86,86,86,86,86,86,86,86,86,86,86,86,86,86,86,86,86,86,86,86,86,86,86,86,86,86,86,86,86,86,86,86,86
Onyx bolt tips,6890,6936,6940,6995,6985,6922,6952,6963,6961,6918,6914,6928,6935,6950,6968,6987,7009,6945,6843,6885,6904,6912,6940,6968,7025,6935,6969,6987,6984,7007,7018,6993,7080,7168,7225,7275,7358,7534,7562,7581,7622,7683,7726,7699,7546,7609,7616,7558,7596,7617,7614,7637,7641,7628,7654,7695,7718,7687,7681,7674,7679,7710,7742,7776,7793,7796,7801,7821,7822,7824,7826,7815,7821,7813,7863,7863,7843,7653,7656,7751,7826,7801,7775,7740,7773,7792,7757,7790,7788,7779,7780,7777,7814,7724,7749,7767,7790,7789,7733,7713,7694,7749,7781,7750,7723,7741,7767,7841,7812,7805,7726,7746,7749,7739,7666,7716,7666,7666,7672,7651,7654,7646,7657,7661,7673,7689,7694,7713,7725,7732,7761,7726,7697,7560,7509,7592,7661,7689,7716,7712,7722,7719,7735,7732,7749,7745,7682,7698,7710,7703,7737,7760,7590,7689,7686,7716,7739,7736,7779,7778,7784,7789,7784,7794,7821,7846,7907,7882,7830,7720,7805,7810,7813,7820,7776,7797,7805,7835,7836,7845
Opal bolt tips,12,12,12,12,12,12,13,13,13,13,13,13,13,13,13,13,13,13,14,14,14,14,14,14,14,14,14,14,14,14,14,14,15,15,15,15,15,15,16,17,17,17,17,17,17,17,16,15,15,15,15,15,15,15,15,15,15,15,15,15,15,15,15,15,15,15,15,16,16,15,15,15,15,15,15,14,13,12,12,12,11,11,11,11,11,11,11,10,10,9,8,7,7,6,5,5,4,4,3,3,3,3,4,4,4,5,5,6,6,6,6,6,6,7,7,7,7,7,7,8,8,8,8,8,8,8,8,8,9,9,9,10,10,10,10,10,10,11,11,11,11,11,12,12,12,12,12,12,12,12,12,12,12,12,12,12,12,12,12,12,12,12,12,12,12,12,12,11,11,11,10,10,9,9,8,8,7,7,7,6
Pearl bolt tips,27,29,29,29,29,31,31,31,31,33,33,33,33,33,35,35,35,35,35,37,37,37,37,37,38,38,38,38,38,38,38,38,38,38,38,38,38,38,40,40,40,40,40,40,40,40,40,40,41,41,41,41,39,39,39,39,39,38,38,38,38,38,38,38,38,39,39,39,39,39,39,39,39,39,39,38,38,38,38,38,39,39,39,39,39,39,38,38,38,38,36,36,36,36,36,34,34,34,34,32,32,32,32,30,30,30,30,30,29,29,29,29,29,29,28,28,28,28,28,28,27,27,27,27,27,26,26,26,26,26,25,25,25,25,25,25,25,25,25,25,25,25,25,25,25,25,25,25,25,25,26,26,26,26,26,26,26,26,25,25,25,25,25,25,25,25,25,25,25,25,25,26,26,26,26,26,26,26,26,26
Ruby bolt tips,63,63,62,62,62,65,65,65,69,69,72,72,72,74,74,74,72,72,72,71,71,71,69,69,68,68,68,65,65,65,64,64,62,62,60,60,57,57,55,55,54,54,55,55,57,57,57,59,59,59,62,62,62,66,66,68,68,68,71,71,71,75,75,75,78,78,78,80,80,80,80,76,76,74,74,74,73,73,73,72,72,70,70,70,70,70,68,68,68,68,68,69,69,69,67,67,67,66,66,66,66,66,68,68,68,68,70,70,68,68,68,67,67,67,67,67,67,69,69,69,69,72,72,72,72,74,74,74,72,72,72,72,72,72,70,70,69,69,69,73,73,73,74,74,74,75,75,75,77,77,77,80,80,80,80,83,83,83,82,82,82,78,78,78,76,76,76,74,74,74,74,73,73,73,73,73,73,73,73,75
Rune arrowheads,216,205,194,185,175,167,162,163,167,170,172,180,187,191,193,189,182,180,184,186,186,195,200,205,208,210,216,217,217,222,221,218,208,198,194,186,179,175,176,175,167,161,153,148,146,149,152,147,147,146,148,153,154,155,156,158,159,159,159,159,159,160,159,159,159,158,159,158,155,152,151,150,147,143,143,146,150,153,150,149,147,141,137,133,130,129,127,130,134,137,142,150,158,164,170,175,177,176,176,175,171,169,170,167,167,169,168,167,167,165,165,163,161,158,154,150,147,147,150,151,152,153,152,153,152,152,151,152,153,154,154,153,152,153,152,149,148,147,146,144,144,143,143,141,141,140,139,139,140,139,135,136,137,139,137,137,138,138,136,139,140,137,133,131,129,130,131,133,135,136,136,137,139,140,140,140,138,134,136,138
Rune bolts (unf),1114,1112,1112,1112,1097,1097,1094,1094,1049,1018,1018,982,982,997,997,1025,1025,1038,1038,1035,1035,1027,1027,1009,1009,1004,1004,962,962,949,949,925,925,880,836,801,763,726,693,662,630,600,572,544,516,493,470,448,425,407,389,371,352,337,321,305,291,279,266,253,242,232,232,220,220,209,209,204,204,207,207,210,210,214,214,215,215,218,218,220,218,218,208,208,201,193,193,185,185,186,186,182,182,182,185,185,189,189,186,186,188,188,192,192,192,191,191,190,190,190,198,198,198,196,196,196,202,202,202,205,205,202,202,205,205,205,210,210,210,213,213,213,210,210,210,211,211,211,204,204,204,199,199,199,194,194,194,193,193,193,196,196,196,198,198,198,198,198,198,197,197,197,197,197,197,196,196,196,197,197,197,197,197,197,199,199,200,200,200,199
Rune dart tip,1249,1249,1249,1249,1249,1249,1249,1249,1249,1249,1249,1249,1249,1249,1249,1249,1249,1249,1249,1249,1249,1249,1249,1249,1249,1249,1249,1249,1249,1249,1249,1258,1258,1258,1258,1258,1196,1196,1196,1196,1196,1138,1138,1138,1082,1082,1082,1028,1028,977,977,977,929,929,929,883,883,883,839,839,798,798,798,759,759,759,722,722,722,686,686,686,653,653,653,621,621,590,590,561,533,533,533,506,506,506,481,481,481,457,457,435,435,435,413,413,413,413,392,392,392,392,372,372,372,372,353,353,353,335,335,335,319,319,319,305,305,305,305,294,294,294,294,291,291,291,291,290,290,290,290,284,284,284,277,277,277,277,263,263,263,250,250,250,250,245,245,245,235,235,235,235,232,232,232,232,228,228,228,220,220,220,220,229,227,227,227,239,239,239,236,236,236,236,227,227,227,227,227,231
Rune limbs,8886,8808,8802,8802,8820,8918,8856,8939,9099,8957,8849,8915,8987,8960,8843,9043,8788,8769,8786,8787,8788,8792,8814,8857,8845,8642,8607,8841,8840,8835,8814,8770,8770,8712,8712,8663,8663,8663,8541,8541,8541,8508,8508,8508,8510,8510,8510,8510,8579,8579,8579,8579,8267,8267,8267,8267,8030,8030,8030,8286,8286,8286,8286,8439,8439,8439,8439,8560,8560,8560,8560,8560,8416,8416,8416,8416,8370,8370,8370,8370,8481,8481,8481,8481,8481,8511,8511,8511,8511,8511,8702,8702,8702,8702,8702,8702,8812,8812,8812,8812,8812,8812,8812,8466,8466,8466,8466,8466,8339,8339,8339,8339,8339,8339,8324,8324,8324,8324,8324,8324,8324,8448,8448,8448,8448,8448,8448,8448,8448,8437,8437,8437,8437,8437,8437,8437,8437,8437,8535,8535,8535,8535,8535,8535,8535,8535,8535,8535,8488,8488,8488,8488,8488,8488,8488,8488,8488,8693,8693,8693,8693,8693,8693,8693,8693,8693,8693,8530,8530,8530,8530,8530,8530,8530,8530,8530,8530,8587,8587,8587
Runite crossbow (u),8983,8983,8983,8983,8983,8983,8983,8983,8983,8983,8983,8983,8983,8983,8983,8983,8983,8983,8983,8983,8983,8983,8983,8983,8983,8983,8983,8983,8983,8983,8983,8983,8983,8983,8983,8983,8983,8983,8983,8983,8983,8983,8983,8983,8983,8983,8983,8983,8983,8983,8983,8983,8995,8995,8995,8995,8995,8995,8995,8995,8995,8995,8995,8995,8995,8995,8995,8995,8995,8995,8995,8995,8995,8995,8995,8995,8995,8995,8995,8995,8995,8995,8995,8995,8995,8995,8995,8995,8995,8995,8995,8995,8995,8995,8995,8995,8995,8995,8995,8995,8995,8995,8995,8995,8995,8995,8995,8995,8995,8995,8995,8995,8995,8995,8995,8995,8995,8995,8995,8995,8995,8995,8866,8866,8866,8866,8866,8866,8866,8866,8866,8866,8866,8866,8866,8866,8866,8866,8866,8866,8866,8866,8866,8866,8866,8866,8866,8866,8866,8866,8866,8866,8866,8866,8866,8866,8866,8866,8866,8866,8866,8866,8866,8866,8866,8866,8866,8866,8866,8866,8866,8866,8866,8866,8866,8866,8866,8866,8866,8866
Sapphire bolt tips,15,15,15,15,15,15,15,15,15,15,15,15,15,15,15,15,15,15,15,15,15,15,15,15,15,16,16,16,16,17,17,17,18,18,18,18,17,17,16,16,16,16,15,15,14,14,13,13,12,12,12,11,11,11,11,11,12,12,12,12,12,12,12,12,12,12,12,12,12,13,13,13,13,13,13,13,12,12,12,11,10,10,9,9,9,8,8,8,7,7,7,7,8,8,8,8,8,8,9,9,9,9,9,9,9,9,9,10,10,10,10,10,10,10,11,11,11,11,11,11,11,11,11,11,11,11,11,11,11,11,11,11,11,11,11,11,11,11,11,11,11,11,11,11,11,11,12,12,12,12,12,12,12,12,12,11,11,11,10,10,10,10,10,9,9,9,9,9,9,9,9,9,9,9,9,9,9,9,9,9
Shieldbow (u),41,44,44,44,44,45,45,45,45,48,48,48,50,50,50,52,52,52,53,53,53,53,53,53,53,53,54,54,54,57,57,57,57,59,59,59,59,60,60,60,60,61,61,61,61,65,65,65,65,68,68,68,68,69,69,69,69,68,68,68,68,66,66,66,66,66,67,67,67,67,67,70,70,70,70,70,71,71,71,71,68,68,68,68,68,71,71,71,71,71,72,72,72,72,75,75,75,75,75,77,77,77,77,77,80,80,80,80,80,81,81,81,81,81,83,83,83,83,83,83,83,83,83,83,83,83,88,88,88,88,88,92,92,92,92,96,96,96,96,100,100,100,100,104,104,104,104,109,109,109,109,114,114,114,114,114,119,119,119,119,119,123,123,123,123,123,128,128,128,128,128,135,135,135,135,135,140,140,140,140
Shortbow (u),106,106,106,109,109,109,109,109,115,115,115,115,115,120,120,120,120,124,124,124,124,128,128,128,128,128,126,126,126,126,126,122,122,122,122,122,122,127,127,127,127,127,133,133,133,133,133,138,138,138,138,138,138,140,140,140,140,140,141,141,141,141,141,141,147,147,147,147,147,147,147,152,152,152,152,152,152,153,153,153,153,153,152,152,152,152,152,152,152,155,155,155,155,155,155,156,156,156,156,156,156,162,162,162,162,162,162,162,167,167,167,167,167,167,167,167,175,175,175,175,175,175,175,182,182,182,182,182,182,182,191,191,191,191,191,191,191,199,199,199,199,199,199,199,205,205,205,205,205,205,202,202,202,202,202,202,202,211,211,211,211,211,211,211,219,219,219,219,219,219,219,227,227,227,227,227,227,227,234,234
Silver bolts (unf),7,7,7,7,7,8,8,8,8,8,8,8,8,8,8,8,8,8,8,8,8,8,8,8,8,8,8,8,8,8,8,8,8,8,8,8,8,8,8,8,8,8,8,8,8,8,8,8,8,8,8,8,8,8,8,8,8,8,8,8,8,8,8,8,8,8,8,8,8,8,8,8,8,8,8,8,8,8,8,8,8,8,8,8,8,8,8,8,8,8,8,8,8,8,8,8,8,8,8,8,8,8,8,8,8,8,8,8,8,8,8,8,8,8,8,8,8,8,8,8,8,8,8,8,8,8,8,8,8,8,8,8,8,8,8,8,8,8,8,8,8,8,8,8,8,8,8,8,8,8,8,8,8,8,8,8,8,8,8,8,8,8,8,8,8,8,8,8,8,8,8,8,8,8,8,8,8,8,8,8
Stalker essence,355,355,354,354,354,354,339,339,324,311,311,299,299,299,288,288,288,275,275,275,262,262,262,250,250,239,239,231,231,227,227,227,227,227,232,232,232,232,232,227,227,227,227,227,224,224,224,224,216,216,216,216,216,216,216,216,216,216,222,222,222,222,222,222,222,222,222,228,228,228,228,228,229,229,229,229,239,239,239,239,246,246,246,246,246,243,243,243,243,247,247,247,247,247,247,247,247,247,247,240,240,240,240,240,240,233,233,233,233,233,232,232,232,232,232,224,224,224,224,224,233,233,233,233,233,243,243,243,243,243,243,243,243,243,243,243,243,251,251,251,251,251,251,256,256,256,256,256,256,252,252,252,252,252,252,252,256,256,256,256,256,256,256,257,257,257,257,257,257,265,265,265,265,265,265,265,265,265,265,265
Steel arrowheads,47,47,47,47,47,47,47,47,47,47,47,47,47,47,47,47,47,47,46,46,46,46,46,46,46,46,46,46,44,44,44,44,44,45,45,45,45,44,44,44,44,44,44,44,43,43,43,43,41,41,41,41,38,38,38,38,38,38,38,38,37,37,37,37,37,37,36,36,36,36,36,37,37,37,37,37,37,37,37,37,37,37,37,37,37,37,36,36,36,36,36,36,36,36,36,36,36,36,36,36,36,36,35,35,35,35,35,35,34,34,34,34,34,34,33,33,33,33,33,33,33,33,33,33,33,32,32,32,32,32,32,31,31,31,31,31,30,30,30,30,30,29,29,29,29,29,29,28,28,28,28,28,28,28,28,28,28,28,28,28,27,27,27,27,27,27,27,27,27,27,27,27,27,27,27,27,27,27,27,27
Steel bolts (unf),52,52,52,52,52,52,52,52,52,52,52,52,52,51,51,51,51,51,51,51,51,51,51,51,51,51,51,52,52,52,52,52,52,52,52,52,52,52,52,52,51,51,51,51,51,51,51,51,51,51,51,51,50,50,50,50,50,50,50,50,50,50,50,50,50,50,49,49,49,49,49,49,49,49,49,49,49,49,49,49,50,50,50,50,50,50,50,50,50,50,50,50,50,50,50,50,50,50,50,50,50,50,50,50,50,50,50,50,50,50,50,50,50,50,50,50,50,49,49,49,49,49,49,49,49,49,49,49,49,49,49,49,49,49,49,49,49,49,49,49,49,49,49,49,49,49,49,49,49,49,49,49,49,49,49,49,49,49,49,49,48,48,48,48,48,48,48,48,48,48,48,48,48,48,48,48,48,48,48,47
Steel crossbow (u),138,138,138,138,138,138,138,138,138,138,138,138,138,138,144,144,144,144,144,144,144,144,144,144,144,144,144,144,144,144,144,144,144,144,144,144,144,144,144,144,144,144,144,144,144,144,144,144,144,144,144,144,144,144,144,144,144,144,144,144,144,144,144,144,144,144,144,144,144,144,144,144,144,144,144,144,144,144,144,144,144,144,144,144,144,144,144,144,144,144,144,144,144,144,144,144,144,144,144,144,144,144,144,144,144,144,144,144,144,144,144,144,144,144,144,144,144,144,144,144,144,144,144,144,144,144,144,144,144,144,144,144,144,144,144,150,150,150,150,150,150,150,150,150,150,150,150,150,150,150,150,150,150,150,150,150,150,150,150,150,150,150,150,150,150,150,150,150,150,150,150,150,150,150,150,150,150,150,150,150
Steel dart tip,82,82,82,82,82,82,82,82,82,82,82,82,82,82,82,82,82,82,82,82,82,82,82,82,82,82,82,82,82,82,82,82,82,82,82,82,82,82,82,82,82,82,82,82,82,79,79,79,79,79,79,79,79,79,79,79,79,79,79,79,79,79,79,79,79,79,79,79,79,79,79,79,79,79,79,79,79,79,79,79,79,79,79,79,79,79,79,79,79,79,79,79,79,79,79,79,79,79,79,79,79,79,79,79,79,79,79,79,81,81,81,81,81,81,81,81,81,81,81,81,81,81,81,81,81,81,81,81,81,81,81,81,81,81,81,81,81,81,81,81,81,81,81,81,81,81,81,81,81,81,81,81,81,81,81,81,81,81,81,81,81,81,81,81,81,81,81,81,81,81,81,81,81,81,81,81,81,81,81,81
Steel limbs,327,327,327,327,327,327,327,327,327,327,327,327,327,327,327,327,327,327,327,327,327,327,327,327,327,327,327,336,336,336,336,336,336,336,336,336,336,336,336,336,336,336,336,336,336,336,336,336,336,336,336,336,336,336,336,336,336,336,336,336,336,336,336,336,336,336,336,336,336,336,336,336,336,336,336,336,336,336,336,336,336,336,336,336,336,336,336,336,336,336,336,336,336,336,336,336,336,336,336,336,336,336,336,336,336,336,336,336,336,336,336,336,336,336,336,336,336,336,336,336,336,336,336,336,336,336,336,336,336,347,347,347,347,347,347,347,347,347,347,347,347,347,347,347,347,347,347,347,347,347,347,347,347,347,347,347,347,347,347,347,347,347,347,347,347,347,347,347,347,347,347,347,347,347,347,347,347,347,347,347
Teak stock,46,46,46,46,46,46,46,46,46,46,46,44,44,44,44,44,44,44,44,44,44,44,44,44,44,44,44,44,44,44,44,44,44,44,44,44,44,44,44,44,44,44,44,43,43,43,43,43,43,43,43,43,43,43,43,43,43,43,43,43,43,43,43,43,43,43,43,43,43,43,43,43,43,44,44,44,44,44,44,44,44,44,44,44,44,44,44,44,44,44,44,44,44,44,44,44,44,44,44,44,44,45,45,45,45,45,45,45,45,45,45,45,45,45,45,45,45,45,45,45,45,45,45,45,45,45,45,45,45,45,45,45,45,45,45,45,45,45,45,46,46,46,46,46,46,46,46,46,46,46,46,46,46,46,46,46,46,46,46,46,46,46,46,46,46,46,46,46,46,46,46,46,46,46,46,46,46,46,46,46
Topaz bolt tips,58,58,58,58,58,58,61,61,61,61,61,61,61,61,61,61,61,61,61,61,61,61,64,64,64,64,64,64,64,64,64,64,68,72,76,76,78,78,74,71,70,68,70,70,67,67,64,61,58,56,54,54,52,50,49,48,48,46,44,42,42,40,40,39,39,38,38,38,37,37,36,36,35,35,34,34,33,33,33,32,32,31,31,31,30,30,30,29,29,29,28,28,28,27,27,27,25,25,25,24,24,24,23,23,23,23,23,23,22,22,22,21,21,21,21,20,20,20,20,20,20,20,20,20,20,20,20,20,20,20,20,20,19,19,19,19,19,19,19,19,19,19,19,19,19,19,19,19,19,19,19,19,19,19,19,19,19,19,19,19,19,19,19,19,19,19,19,19,19,19,19,19,19,19,19,19,19,19,19,19
Unfinished broad bolts,25,25,25,25,25,25,25,25,25,26,26,26,26,26,26,26,26,26,26,26,26,26,27,27,27,27,27,27,27,27,27,27,27,27,27,27,27,27,27,27,27,27,28,28,28,28,28,28,28,28,28,28,28,28,28,28,28,28,28,28,28,28,28,28,28,28,28,30,30,30,30,30,30,31,31,31,31,31,31,31,31,30,30,30,30,30,30,28,28,28,28,28,28,28,29,29,29,29,29,29,29,29,29,29,29,29,29,31,31,31,31,31,31,31,32,32,32,32,32,32,32,32,33,33,33,33,33,33,33,34,34,34,34,34,34,34,34,33,33,33,33,33,33,33,33,33,35,35,35,35,35,35,35,35,36,36,36,36,36,36,36,36,38,38,38,38,38,38,38,38,38,39,39,39,39,39,39,39,39,40
Unstrung comp bow,610,610,610,610,610,610,610,610,610,610,610,610,610,610,610,610,610,610,610,610,610,610,610,610,610,610,610,610,610,610,610,610,610,610,610,610,610,610,610,610,610,610,610,610,610,610,610,610,610,610,610,610,610,610,610,610,610,610,610,610,610,610,610,610,610,610,610,610,610,610,610,610,610,610,610,610,610,610,610,610,610,610,610,610,610,610,610,610,610,610,610,610,610,610,610,610,610,610,610,610,610,610,610,610,610,610,610,610,610,610,610,610,610,610,610,610,610,628,628,628,628,628,628,628,628,628,628,628,628,628,628,628,628,628,628,628,628,628,628,628,628,628,628,628,628,628,628,628,628,628,628,628,628,628,628,628,628,628,628,628,628,628,628,628,628,628,628,628,628,628,628,628,628,628,628,628,628,628,628,628
Willow shieldbow (u),46,46,46,46,46,46,46,46,48,48,48,49,49,49,47,47,47,47,47,47,49,49,49,48,48,48,48,48,48,46,46,46,44,44,44,45,45,45,46,46,46,47,47,47,49,49,49,48,48,48,48,48,48,47,47,47,48,48,48,46,46,46,46,48,48,48,48,50,50,50,50,49,49,49,50,50,50,52,52,52,49,49,49,49,49,49,49,50,50,50,51,51,51,51,53,53,53,53,52,52,52,52,52,52,52,52,52,53,53,53,53,54,54,54,54,55,55,55,55,54,54,54,54,54,54,54,54,54,56,56,56,56,57,57,57,57,57,58,58,58,58,60,60,60,60,60,62,62,62,62,62,62,62,62,62,63,63,63,65,65,65,65,65,69,69,69,69,71,71,71,71,72,72,72,72,72,72,72,72,72
Willow shortbow (u),59,59,59,59,59,59,59,59,59,61,61,61,61,61,61,61,61,61,61,61,61,61,61,61,64,64,64,64,64,63,63,63,63,63,63,63,62,62,62,62,62,62,63,63,63,63,63,63,62,62,62,62,62,62,60,60,60,60,60,60,60,60,60,60,60,60,60,60,60,60,60,60,60,60,60,60,60,61,61,61,61,61,62,62,62,62,62,62,64,64,64,64,64,64,65,65,65,65,65,65,68,68,68,68,68,68,68,70,70,70,70,70,70,70,73,73,73,73,73,73,73,73,72,72,72,72,72,72,72,72,73,73,73,73,73,73,73,75,75,75,75,75,75,75,77,77,77,77,77,77,77,77,78,78,78,78,78,78,78,80,80,80,80,80,80,80,80,83,83,83,83,83,83,83,83,83,87,87,87,87
Willow stock,35,35,35,35,35,36,36,36,36,36,36,36,36,36,36,36,36,36,36,36,36,36,36,36,36,36,36,36,36,36,36,36,36,36,36,36,36,36,36,36,36,36,36,36,36,36,37,37,37,37,37,37,37,37,37,37,37,37,37,37,37,37,37,37,37,37,37,37,37,37,37,37,37,37,37,37,37,37,37,37,37,37,37,37,37,37,37,37,38,38,38,38,38,38,38,38,38,38,38,38,38,38,38,38,38,38,38,38,38,38,38,38,38,38,38,38,38,38,38,38,38,38,38,38,38,38,38,38,38,38,38,38,38,38,38,38,38,38,38,38,39,39,39,39,39,39,39,39,39,39,39,39,39,39,39,39,39,39,39,39,39,39,39,39,39,39,39,39,39,39,39,39,39,39,39,39,39,39,39,39
Wolf bone arrowheads,16,16,16,16,16,16,16,16,16,16,16,16,16,16,16,16,16,16,16,16,16,16,16,16,16,16,16,16,16,16,16,16,16,16,16,16,16,16,16,16,16,16,16,16,16,16,16,16,16,16,16,16,16,16,16,16,16,16,16,16,16,16,16,16,16,16,16,16,16,16,16,16,16,16,16,16,16,16,16,16,16,16,16,16,16,16,16,16,16,16,16,16,16,16,16,16,16,16,16,16,16,16,16,16,16,16,16,16,16,16,16,16,16,16,16,16,16,16,16,16,16,16,16,16,16,16,16,16,16,16,16,16,16,16,16,16,16,16,16,16,16,16,16,16,16,16,16,16,16,16,16,16,16,16,16,16,16,16,16,16,16,16,16,16,16,16,16,16,16,16,16,16,16,16,16,17,17,17,17,17
Wooden stock,15,15,15,15,15,15,15,15,15,15,15,15,15,15,15,15,15,15,15,15,15,15,15,15,16,16,16,16,16,16,16,16,16,16,16,16,16,16,16,16,16,16,16,16,16,16,16,16,16,16,16,16,16,16,16,16,16,16,16,16,16,16,16,16,16,16,16,16,16,16,16,16,16,16,16,16,16,16,16,16,16,16,16,16,16,16,16,16,16,16,16,16,16,16,16,16,16,16,16,16,15,15,15,15,15,15,15,15,15,15,15,15,15,15,15,15,15,15,15,15,15,15,15,15,15,15,15,15,15,15,15,15,15,15,15,15,15,15,15,15,15,15,15,15,14,14,14,14,14,14,14,14,14,14,14,14,14,14,14,14,14,14,14,14,14,14,14,14,14,14,14,14,14,14,14,14,14,14,14,14
Yew shieldbow (u),191,191,191,191,190,190,192,192,192,192,192,192,191,191,191,192,192,192,192,192,192,192,191,191,191,191,190,189,189,188,188,186,186,186,189,189,192,192,191,191,192,192,192,192,193,193,192,192,193,193,193,193,192,192,191,191,191,191,191,190,190,193,193,191,191,193,193,193,193,193,193,193,193,193,193,194,195,195,192,186,181,181,186,190,190,191,191,193,193,192,192,192,192,189,190,190,191,191,194,194,193,193,192,192,192,192,192,192,192,192,192,191,191,192,192,193,193,195,195,195,195,194,194,193,193,193,195,195,195,195,193,193,196,196,197,197,199,199,198,198,201,201,199,199,194,194,194,194,195,195,193,193,193,198,198,200,200,199,199,194,194,193,193,195,195,196,196,194,194,194,195,195,196,196,196,198,198,198,199,199
Yew shortbow (u),195,198,198,198,200,200,200,198,198,198,194,194,194,194,194,194,194,194,194,194,194,194,195,195,194,194,194,194,194,194,194,192,192,192,192,191,191,191,191,189,189,189,191,191,191,192,192,192,192,192,192,192,192,192,192,189,189,189,189,185,185,185,185,188,188,188,188,191,191,191,191,190,190,190,192,192,192,195,195,195,191,191,191,191,191,191,191,196,196,196,196,196,196,196,197,197,197,197,202,202,202,202,207,207,207,207,213,213,213,221,221,221,221,223,223,223,223,231,231,231,231,230,230,230,230,234,234,234,234,241,241,241,241,246,246,246,246,238,238,238,238,236,236,236,236,236,239,239,239,239,240,240,240,240,240,241,241,241,241,250,250,250,250,259,259,259,259,261,261,261,261,263,263,263,263,250,250,250,250,241
Yew stock,197,197,197,197,197,197,197,197,197,197,197,197,197,197,197,197,194,194,194,194,194,194,194,194,194,194,194,194,194,194,194,194,194,194,194,194,194,194,194,194,194,194,194,194,194,194,194,194,191,191,191,191,191,191,191,191,191,191,191,191,191,191,191,191,191,191,191,191,191,191,191,191,191,191,191,191,191,191,191,192,192,192,192,192,192,192,192,192,192,192,192,192,192,192,192,192,192,192,192,192,192,192,192,192,192,192,192,192,192,192,192,194,194,194,194,194,194,194,194,194,194,194,194,194,194,194,194,194,194,194,194,194,194,194,194,194,194,194,194,194,194,194,194,194,194,194,194,194,194,194,198,198,198,198,198,198,198,198,198,198,198,198,198,198,198,198,198,198,198,198,198,198,198,198,198,198,198,198,198,198
