Air rune,31,30,31,32,32,32,32,32,33,33,34,34,34,34,35,34,34,33,32,32,32,33,33,33,33,33,33,34,35,35,36,36,36,36,35,35,34,33,32,30,28,27,27,27,26,26,26,26,26,26,26,26,25,26,26,26,26,26,26,25,25,26,28,28,29,29,30,31,31,31,31,31,31,31,31,31,31,30,30,30,30,30,30,30,31,32,32,32,32,32,34,34,35,36,36,38,39,39,39,39,39,39,38,37,37,37,38,38,38,38,38,38,38,38,39,40,40,39,39,39,39,39,39,39,41,41,40,40,40,40,40,40,40,41,41,41,40,39,39,39,40,40,41,41,42,43,42,42,42,42,41,41,41,41,40,40,39,39,39,39,39,39,40,39,39,39,40,40,40,41,42,42,42,42,42,42,41,42,41,42
Annakarl teleport,4021,4021,4021,4021,4021,4021,4021,4021,4021,4021,4021,4021,4021,4021,4021,4021,4021,4021,4021,4021,4021,4021,4021,4021,4021,4021,4021,4021,4021,4021,4021,4021,4021,4021,4021,4021,4021,4021,4021,4021,4021,4021,4021,4021,4021,4146,4146,4146,4146,4146,4146,4146,4146,4146,4146,4146,4146,4146,4146,4146,4146,4146,4146,4146,4146,4146,4146,4146,4146,4146,4146,4146,4146,4146,4146,4146,4146,4146,4146,4146,4146,4146,4146,4146,4146,4146,4146,4146,4146,4146,4146,4146,4146,4146,4146,4146,4146,4146,4146,4146,4146,4146,4146,4146,4146,4146,4146,4293,4293,4293,4293,4293,4293,4293,4293,4293,4293,4293,4293,4293,4293,4293,4293,4293,4293,4293,4293,4293,4293,4293,4293,4293,4293,4293,4293,4293,4293,4293,4293,4293,4293,4293,4293,4293,4293,4293,4293,4293,4293,4293,4293,4293,4293,4293,4293,4293,4293,4293,4293,4293,4293,4293,4293,4293,4293,4293,4293,4293,4293,4293,4293,4293,4293,4293,4293,4293,4293,4293,4293,4293
Ardougne teleport,2776,2890,2890,2890,2890,3016,3016,3016,3125,3125,3125,3125,3120,3120,3120,3103,3103,3103,3103,3035,3035,3035,3035,2957,2957,2957,2893,2893,2893,2871,2871,2871,2871,2871,2797,2797,2797,2797,2767,2767,2767,2767,2872,2872,2872,2872,2890,2890,2890,2890,3011,3011,3011,3011,3095,3095,3095,3095,3153,3153,3153,3153,3232,3232,3232,3232,3233,3233,3233,3233,3233,3172,3172,3172,3172,3247,3247,3247,3247,3330,3330,3330,3428,3428,3428,3428,3380,3380,3380,3380,3534,3534,3534,3534,3688,3688,3688,3688,3859,3859,3859,3859,3989,3989,3989,3989,3989,3890,3890,3890,3890,3890,3805,3805,3805,3805,3766,3766,3766,3766,3766,3676,3676,3676,3676,3676,3675,3675,3675,3675,3675,3740,3740,3740,3740,3740,3873,3873,3873,3873,3873,3923,3923,3923,3923,3923,3923,4021,4021,4021,4021,4021,4150,4150,4150,4150,4219,4219,4219,4219,4219,4011,4011,4011,4011,4011,3979,3979,3979,3979,3979,4050,4050,4050,4050,4050,4000,4000,4000,4000
Astral rune,437,439,444,447,448,444,438,426,415,409,401,397,404,421,422,431,429,420,433,436,437,434,436,426,414,400,381,367,362,362,368,367,356,357,367,375,372,366,367,368,370,382,378,377,368,362,348,343,340,345,344,349,353,366,361,363,361,366,373,374,371,361,351,361,359,370,377,381,380,388,388,382,388,386,379,379,379,383,383,369,361,355,369,381,396,393,387,384,382,376,377,381,389,399,418,434,436,444,449,439,428,421,413,407,401,400,410,421,423,443,458,460,442,441,441,448,441,437,442,437,447,449,432,431,426,432,426,419,411,408,413,417,416,424,438,445,443,439,436,428,429,435,435,438,430,432,427,431,432,434,437,438,426,425,423,420,437,458,481,505,499,502,502,491,482,458,448,440,433,439,447,450,443,439,439,438,442,454,448,448
Bandit Camp Teleport,294,299,299,299,314,314,314,317,317,317,311,311,311,315,315,315,320,320,320,321,321,321,327,327,325,325,312,312,312,301,301,295,295,295,295,290,290,290,286,286,286,291,291,282,282,269,269,269,260,260,260,259,259,259,253,253,250,250,246,246,249,249,249,247,247,247,249,249,249,249,249,249,245,245,245,245,245,246,246,246,246,246,246,246,246,240,240,240,243,243,243,251,251,251,257,257,257,261,261,261,270,270,270,275,275,275,281,281,281,284,284,284,296,296,296,304,304,308,308,308,316,316,318,318,318,318,333,333,333,346,346,346,352,352,352,352,364,364,364,364,381,381,381,395,395,395,401,401,401,414,414,414,435,435,435,435,453,453,453,453,468,468,468,460,460,460,456,456,456,456,459,459,459,463,463,463,446,446,446,446
Blood rune,679,670,657,647,636,630,612,611,607,617,640,654,660,670,651,642,639,629,631,621,619,615,620,616,635,654,647,642,637,628,622,619,611,592,594,597,600,606,615,625,633,629,621,610,600,601,602,602,603,610,620,626,628,636,641,643,636,631,627,628,640,647,651,652,647,661,685,706,713,705,694,677,667,663,656,652,653,644,637,625,618,639,663,678,697,715,730,736,725,706,693,685,684,686,702,706,718,735,724,714,705,693,687,680,691,691,691,693,688,694,694,699,698,719,734,729,724,725,735,747,754,763,766,763,760,751,741,732,720,712,701,694,701,703,716,720,728,733,727,720,715,726,731,731,725,739,744,761,755,763,763,758,750,742,728,720,723,721,717,714,712,727,728,727,731,744,744,750,753,749,754,766,760,753,741,738,733,729,723,721
Body rune,38,36,34,33,34,35,36,37,38,38,37,38,38,39,39,39,38,38,37,37,38,40,41,41,40,39,38,37,36,35,35,35,36,36,37,38,38,37,38,39,40,40,40,40,39,38,38,39,40,40,40,40,41,42,42,43,41,42,41,41,42,40,39,39,39,38,38,39,39,40,41,42,42,42,43,45,45,44,42,41,40,41,43,44,43,43,43,42,42,43,44,44,46,49,50,49,49,49,49,48,48,47,46,45,44,44,44,44,45,47,47,47,47,47,47,48,48,48,48,47,47,47,48,47,47,47,48,50,51,50,49,48,47,46,45,44,43,43,42,42,42,42,43,44,46,47,46,46,46,46,46,45,45,45,44,43,43,42,43,44,44,45,45,44,43,42,41,41,41,40,40,40,41,41,42,44,44,44,46,47
Bones to bananas,624,624,624,624,624,624,624,624,624,624,624,624,624,624,624,624,624,624,624,624,624,624,624,624,624,624,624,624,624,624,624,624,624,624,624,624,624,624,624,624,624,624,624,624,624,624,624,624,624,624,624,624,624,624,624,624,624,624,624,624,624,624,624,624,624,624,624,624,624,624,624,624,624,624,624,624,624,624,624,624,624,624,624,624,624,624,624,624,624,624,624,624,624,624,624,624,624,624,624,624,624,624,624,624,624,624,624,624,624,624,624,624,624,624,624,624,624,624,624,624,624,624,624,624,624,624,624,624,624,624,624,624,624,624,624,624,624,624,624,624,624,624,624,624,624,624,624,624,624,624,624,624,624,624,624,624,624,624,624,624,624,624,624,624,624,624,624,624,624,624,624,624,624,624,624,624,624,624,624,624
Bones to peaches,168,168,168,168,168,168,168,168,168,168,168,168,168,168,168,168,168,168,168,168,168,168,168,168,168,168,168,168,168,168,168,168,168,168,168,168,168,168,168,168,168,168,168,162,162,162,162,162,162,162,162,162,162,162,162,162,162,162,162,162,162,162,162,162,162,162,162,162,162,162,162,162,162,162,162,162,162,162,162,162,162,154,154,154,154,154,154,154,154,154,154,154,154,154,154,154,154,154,154,154,154,154,154,154,154,154,154,154,154,154,154,154,154,154,154,154,154,154,154,154,154,148,148,148,148,148,148,148,148,148,148,148,148,148,148,148,148,148,148,148,148,148,148,148,148,148,148,148,148,148,148,148,148,148,148,148,148,148,148,148,148,148,148,148,148,148,148,148,148,148,148,148,148,148,148,141,141,141,141,141
Camelot teleport,2055,2040,2040,2040,2084,2084,2084,2074,2074,2074,2064,2064,2064,2064,2025,2025,2025,2039,2039,2039,1979,1979,1979,1931,1931,1931,1925,1925,1925,1966,1966,1966,1972,1972,1972,1972,2030,2030,2030,1951,1951,1951,2007,2007,2007,1929,1929,1929,1907,1907,1907,1907,1952,1952,1952,2033,2033,2033,2033,2096,2096,2096,2096,2148,2148,2148,2148,2187,2187,2187,2187,2125,2125,2125,2154,2154,2154,2168,2168,2168,2236,2236,2236,2236,2244,2244,2244,2279,2279,2279,2279,2345,2345,2345,2345,2457,2457,2457,2457,2575,2575,2575,2575,2631,2631,2631,2631,2697,2697,2697,2697,2682,2682,2682,2682,2695,2695,2695,2695,2709,2709,2709,2709,2689,2689,2689,2689,2689,2680,2680,2680,2680,2778,2778,2778,2778,2778,2663,2663,2663,2663,2542,2542,2542,2542,2542,2472,2472,2472,2472,2523,2523,2523,2523,2523,2567,2567,2567,2567,2537,2537,2537,2537,2537,2540,2540,2540,2540,2540,2527,2527,2527,2527,2577,2577,2577,2577,2577,2540,2540
Carrallanger teleport,3013,3013,3013,3013,3013,3013,3013,3013,3013,3013,3013,3013,3013,3013,3013,3013,3013,3013,3013,3013,3013,3013,3013,3013,3013,3013,3013,3013,3013,3013,3013,3013,3013,3013,3013,3013,3013,3013,3013,3013,3013,3013,3013,3013,3013,3013,3013,3013,3013,3013,3013,3013,3013,3013,3013,3013,3013,3013,3013,3013,3013,3013,3013,3013,3013,3013,3013,3013,3013,3013,3013,3013,3078,3078,3078,3078,3078,3078,3078,3078,3078,3078,3078,3078,3078,3078,3078,3078,3078,3078,3078,3078,3078,3078,3078,3078,3078,3078,3078,3078,3078,3078,3078,3078,3078,3078,3078,3078,3078,3078,3078,3078,3078,3078,3078,3078,3078,3078,3078,3078,3078,3078,3078,3078,3078,3078,3078,3078,3078,3078,3078,3078,3078,3078,3078,3078,3078,3078,3078,3078,3078,3078,3078,3078,3078,3078,3078,3078,3078,3078,3078,3078,3078,3078,3078,3078,3078,3078,3078,3078,3078,3078,3078,3078,3078,3078,3078,3078,3078,3078,3078,3078,3078,3078,3078,3078,3078,3078,3078,3078
Chaos rune,100,99,99,99,100,102,100,100,99,99,99,99,98,99,100,100,97,99,100,100,103,106,111,113,114,115,115,115,113,111,111,110,108,107,105,104,104,102,102,101,99,97,97,93,94,95,96,98,100,100,101,100,101,100,101,102,101,102,103,102,102,102,101,101,100,100,99,100,98,99,97,98,98,98,97,99,99,98,98,98,98,97,97,96,91,91,89,88,88,87,88,90,92,92,93,94,95,97,97,98,100,101,102,104,105,105,105,104,104,104,104,104,101,102,102,106,107,109,109,107,109,112,113,116,115,116,117,119,119,119,121,123,121,121,123,124,123,122,123,126,129,130,126,128,129,128,130,131,130,132,134,134,136,138,138,136,134,133,134,133,132,127,121,118,118,120,121,121,121,119,120,119,119,117,118,118,120,120,120,122
Clocktower Teleport,250,250,250,250,261,261,261,264,264,264,264,264,265,265,265,269,269,269,269,267,267,267,267,256,256,256,255,255,255,263,263,263,263,263,265,265,265,265,265,262,262,262,262,255,255,255,257,257,257,257,253,253,253,253,254,254,254,257,257,255,255,255,255,257,257,257,257,258,258,258,258,256,256,256,251,251,251,254,254,254,254,254,254,256,256,256,260,260,260,268,268,268,268,272,272,272,272,286,286,286,286,277,277,277,269,269,269,269,278,278,278,278,284,284,284,284,284,284,296,296,296,296,309,309,309,309,309,315,315,315,315,321,321,321,321,325,325,325,325,327,327,327,327,327,326,326,326,322,322,322,312,312,312,312,312,307,307,307,307,307,310,310,310,310,310,315,315,315,315,315,319,319,319,319,319,320,320,320,308,308
Cosmic rune,448,443,425,411,411,415,406,407,402,400,392,394,392,393,389,397,396,399,404,406,404,404,413,416,411,404,399,401,406,411,417,404,394,384,379,381,391,406,418,428,441,451,460,456,445,430,423,429,439,444,445,449,442,450,446,438,427,418,412,410,408,405,402,401,398,403,404,403,404,402,402,397,401,415,429,433,426,424,406,398,392,390,402,407,417,423,418,412,419,425,430,423,426,419,415,416,412,414,414,425,422,418,418,426,425,427,422,416,410,402,407,401,404,408,406,414,409,412,420,430,442,448,460,463,460,461,461,459,458,451,441,428,423,421,414,409,409,408,419,433,428,431,449,467,476,489,480,473,469,467,458,456,455,451,440,430,418,405,397,390,391,403,414,408,404,406,415,417,420,417,417,414,409,414,418,414,414,415,412,409
Dagannoth Kings teleport,13656,13610,13610,13610,13610,13739,13739,13739,13739,14422,14422,14422,14422,14422,15099,15099,15099,15099,15099,15843,15843,15843,15843,15843,16482,16482,16482,16482,16482,16794,16794,16794,16794,16794,17047,17047,17047,17047,17047,17530,17530,17530,17530,18398,18398,18398,18398,19060,19060,19060,19060,19144,19144,19144,19144,18327,18327,18327,18327,18598,18598,18598,18598,18309,18309,18309,18309,17970,17970,17970,17970,17970,17730,17730,17730,17730,17276,17276,17276,17276,17276,16616,16616,16616,16616,16012,16012,16012,16012,16012,16407,16407,16407,16407,16287,16287,16287,16287,16287,15806,15806,15806,15806,15806,15320,15320,15320,15320,14624,14624,14624,14624,14624,13892,13892,13892,13892,13825,13825,13825,13825,13825,13651,13651,13651,13651,13651,13866,13866,13866,13866,13866,14139,14139,14139,14139,14139,14074,14074,14074,14074,14074,14288,14288,14288,14288,14288,14063,14063,14063,14063,13977,13977,13977,13977,13977,13306,13306,13306,13306,13306,12697,12697,12697,12697,12697,12611,12611,12611,12611,12611,12140,12140,12140,12140,12140,11934,11934,11934,11934
Dareeyak teleport,2199,2199,2199,2199,2199,2199,2199,2199,2199,2199,2199,2199,2199,2199,2199,2199,2199,2199,2199,2199,2199,2199,2199,2199,2199,2199,2199,2199,2199,2199,2199,2199,2199,2199,2199,2199,2199,2199,2199,2199,2199,2199,2199,2199,2199,2199,2199,2199,2199,2199,2199,2199,2199,2199,2199,2199,2199,2199,2199,2199,2199,2199,2199,2199,2199,2199,2199,2199,2199,2199,2199,2199,2199,2199,2199,2199,2199,2199,2199,2199,2199,2199,2199,2199,2199,2199,2199,2199,2199,2199,2199,2199,2199,2199,2199,2199,2199,2199,2199,2199,2199,2199,2199,2199,2199,2199,2199,2199,2199,2199,2199,2199,2199,2199,2199,2199,2199,2199,2199,2199,2199,2199,2199,2199,2199,2199,2199,2199,2199,2199,2199,2199,2199,2199,2199,2199,2199,2199,2199,2199,2199,2199,2199,2199,2199,2199,2199,2199,2199,2199,2199,2199,2199,2199,2199,2199,2199,2199,2199,2199,2199,2199,2199,2199,2199,2199,2199,2199,2199,2199,2199,2199,2199,2199,2199,2199,2199,2269,2269,2269
Death rune,135,135,134,134,134,134,133,133,132,133,132,133,132,132,129,129,128,129,129,130,130,131,130,128,129,130,129,129,130,131,131,131,130,130,130,128,127,127,128,127,127,126,126,122,120,115,110,106,109,113,116,118,118,120,120,118,114,113,111,110,111,112,112,111,114,115,115,115,112,114,111,114,115,118,119,118,116,113,113,114,114,114,114,118,119,119,120,121,120,119,117,117,115,114,113,113,115,115,114,115,116,117,118,121,122,122,121,120,119,117,117,116,113,115,116,117,117,115,115,115,114,113,115,116,117,116,114,113,114,113,114,116,118,119,119,119,119,115,113,112,111,111,111,112,112,114,116,117,117,117,117,115,113,110,111,113,115,118,119,120,120,121,124,122,120,119,119,121,124,126,125,127,125,120,121,120,118,120,119,120
Dust rune,597,597,575,575,575,575,575,566,566,566,566,566,566,581,581,581,581,581,594,594,594,594,594,600,600,600,600,600,613,613,613,613,613,613,638,638,638,638,638,638,652,652,652,680,680,680,680,680,710,710,710,710,710,710,729,729,729,729,729,729,749,749,749,749,749,749,758,758,758,758,758,767,767,767,767,767,782,782,782,782,782,785,785,785,785,785,767,767,767,767,767,767,732,732,732,732,696,696,696,695,695,695,695,699,699,699,699,699,699,725,725,725,725,725,725,758,758,758,758,777,777,777,777,777,777,777,771,771,771,771,771,775,775,775,775,775,769,769,769,769,769,769,769,776,776,776,776,787,787,787,787,787,787,787,787,767,767,767,767,767,767,746,746,746,746,747,747,747,747,747,747,779,779,779,779,779,779,779,779,802
Earth rune,14,14,14,15,15,15,15,15,15,15,15,15,15,15,15,15,15,14,15,14,15,15,15,15,15,15,15,15,15,15,15,15,15,15,15,15,15,15,16,16,16,16,16,16,16,16,16,17,17,17,17,17,17,17,17,17,17,17,17,17,17,16,17,17,17,17,17,17,17,17,17,17,17,17,17,17,18,18,18,18,18,18,18,18,18,18,18,18,18,18,18,18,18,18,18,18,18,18,18,18,18,18,18,18,19,19,19,19,19,19,19,19,19,19,20,20,20,20,19,19,19,19,19,19,19,19,19,19,19,19,19,19,19,19,19,19,19,19,19,19,19,19,19,19,19,19,19,19,19,19,19,19,19,19,19,19,19,19,19,19,19,19,19,19,19,19,19,19,19,19,19,19,19,19,19,19,19,19,19,20
Enchant diamond,384,384,384,384,384,384,384,384,384,384,384,384,384,384,384,384,384,384,384,384,384,384,384,384,384,384,384,384,384,384,384,384,384,384,384,384,384,384,384,384,384,384,384,384,384,384,384,384,384,384,384,384,384,384,384,384,384,384,384,384,384,384,384,384,384,384,384,384,384,384,384,384,384,384,384,384,384,384,384,384,384,384,384,384,384,384,384,384,384,384,384,384,384,384,384,384,384,384,384,384,384,384,384,384,384,384,384,384,384,384,395,395,395,395,395,395,395,395,395,395,395,395,395,395,395,395,395,395,395,395,395,395,395,395,395,395,395,395,395,395,395,395,395,395,395,395,395,395,395,395,395,395,395,395,395,395,395,395,395,395,395,395,395,395,395,395,395,395,395,395,395,395,395,395,395,395,395,395,395,395
Enchant dragonstn.,518,518,518,518,518,518,518,518,518,518,518,518,518,518,518,518,518,518,518,518,518,518,518,518,518,518,518,518,518,518,518,518,518,518,518,518,518,518,518,518,518,518,518,518,518,518,518,518,518,518,518,518,530,530,530,530,530,530,530,530,530,530,530,530,530,530,530,530,530,530,530,530,530,530,530,530,530,530,530,530,530,530,530,530,530,530,530,530,530,530,530,530,530,530,530,530,530,530,530,530,530,530,530,530,530,530,530,530,530,530,530,530,530,530,530,530,530,530,530,530,530,530,530,530,530,530,530,530,530,530,530,530,530,530,530,530,530,530,530,530,530,530,530,530,530,530,530,530,530,530,530,530,530,530,530,530,530,530,530,530,530,530,530,530,530,530,530,530,530,530,530,530,530,530,530,530,530,530,530,530
Enchant emerald,852,852,869,869,869,869,869,869,869,869,869,869,869,869,869,869,869,869,869,869,869,869,869,869,869,869,869,869,869,869,869,869,869,869,869,869,869,869,869,869,869,869,869,869,869,869,869,869,869,869,869,869,869,869,869,869,869,869,869,869,869,894,894,894,894,894,894,894,894,894,894,894,894,894,894,894,894,894,894,894,894,894,894,894,894,894,894,894,894,894,894,894,894,894,894,894,894,894,894,894,894,894,894,894,894,894,894,894,894,894,894,894,894,894,894,894,894,894,894,894,913,913,913,913,913,913,913,913,913,913,913,913,913,913,913,913,913,913,913,913,913,913,913,913,913,913,913,913,913,913,913,913,913,913,913,913,913,913,913,913,913,913,913,913,913,913,913,913,913,913,913,913,913,913,913,913,913,913,913,913
Enchant onyx,449,449,449,449,449,449,449,449,449,449,449,449,449,449,449,449,449,449,449,449,449,449,449,449,449,449,449,449,449,449,449,449,449,449,445,445,445,445,445,445,445,445,445,445,445,445,445,445,445,445,445,445,445,445,445,445,445,445,445,445,445,445,445,445,445,445,445,445,445,445,445,445,445,445,445,445,445,445,445,445,445,445,445,445,445,445,459,459,459,459,459,459,459,459,459,459,459,459,459,459,459,459,459,459,459,459,459,459,459,459,459,459,459,459,459,459,459,459,459,459,459,459,459,459,459,459,459,459,459,459,459,459,459,459,459,459,459,459,459,459,459,459,459,459,459,459,459,459,459,459,459,459,459,459,459,459,459,459,459,459,459,459,459,459,472,472,472,472,472,472,472,472,472,472,472,472,472,472,472,472
Enchant ruby,1017,1017,1017,1017,1017,1017,1017,1017,1017,1017,1017,1017,1017,1017,1017,1017,1017,1017,1017,1017,1017,1017,1017,1017,1017,1017,1017,1017,1017,1017,1017,1017,1017,1017,1063,1063,1063,1063,1063,1063,1063,1063,1063,1063,1063,1063,1063,1063,1063,1063,1063,1063,1063,1063,1063,1063,1063,1063,1063,1063,1063,1063,1063,1063,1063,1063,1063,1063,1063,1063,1063,1063,1063,1063,1063,1063,1063,1063,1063,1063,1063,1063,1096,1096,1096,1096,1096,1096,1096,1096,1096,1096,1096,1096,1096,1096,1096,1096,1096,1096,1096,1096,1096,1096,1096,1096,1096,1096,1096,1096,1096,1096,1096,1096,1096,1096,1096,1096,1096,1096,1096,1096,1096,1096,1096,1096,1096,1096,1096,1096,1096,1096,1096,1096,1096,1096,1096,1096,1096,1096,1096,1096,1096,1096,1096,1096,1096,1096,1096,1096,1096,1096,1096,1096,1096,1096,1096,1096,1096,1096,1096,1096,1096,1096,1096,1138,1138,1138,1138,1138,1138,1138,1138,1138,1138,1138,1138,1138,1138,1138
Enchant sapphire,225,225,225,225,225,225,231,231,231,231,231,231,231,231,231,231,231,231,231,231,231,231,231,231,231,231,231,231,231,231,231,231,231,231,231,231,231,231,231,231,231,231,231,231,231,231,231,231,231,231,231,231,231,231,231,231,231,231,231,223,223,223,223,223,223,223,223,223,223,223,223,223,223,223,223,223,223,223,223,223,223,223,223,223,223,223,223,223,223,223,223,223,223,223,223,223,223,223,223,223,223,223,223,223,223,223,223,223,223,223,223,223,223,225,225,225,225,225,225,225,225,225,225,225,225,225,225,225,225,225,225,225,225,225,225,225,225,225,225,225,225,225,225,225,225,225,225,225,225,225,225,225,225,225,225,225,225,225,225,225,225,225,225,225,225,225,225,225,225,225,225,225,225,225,225,221,221,221,221,221
Falador teleport,863,856,856,856,841,841,841,855,855,855,836,836,836,836,839,839,839,859,859,859,855,855,855,855,845,845,845,829,829,829,846,846,875,875,893,893,893,934,934,935,935,935,968,968,1012,1012,1061,1061,1112,1112,1112,1130,1130,1130,1113,1113,1113,1112,1112,1121,1121,1121,1121,1117,1117,1117,1134,1134,1134,1154,1154,1154,1154,1152,1152,1152,1153,1153,1153,1175,1175,1175,1147,1147,1147,1169,1169,1169,1218,1218,1218,1231,1231,1231,1260,1260,1260,1260,1247,1247,1247,1247,1298,1298,1298,1298,1332,1332,1332,1332,1393,1393,1393,1393,1457,1457,1457,1457,1526,1526,1526,1526,1589,1589,1589,1589,1623,1623,1623,1623,1685,1685,1685,1685,1642,1642,1642,1642,1684,1684,1684,1684,1714,1714,1714,1714,1711,1711,1711,1711,1736,1736,1736,1736,1736,1722,1722,1722,1722,1736,1736,1736,1736,1819,1819,1819,1819,1882,1882,1882,1882,1960,1960,1960,1960,1960,1983,1983,1983,1983
Fire rune,69,70,72,73,73,73,73,74,75,76,75,75,75,75,74,74,73,71,70,71,72,74,74,75,75,75,75,74,74,73,72,71,69,68,66,64,63,62,62,63,65,66,67,68,68,69,71,73,73,72,72,73,71,71,71,71,71,71,71,71,73,74,76,77,77,77,77,76,74,73,73,73,74,74,75,73,73,74,76,75,74,74,73,73,73,74,75,75,75,76,77,78,79,81,82,83,83,83,83,83,83,82,82,84,85,85,85,84,84,84,84,85,86,86,86,88,87,87,87,87,88,88,89,89,92,91,91,91,90,91,90,91,91,93,93,95,94,93,92,92,92,92,93,94,94,95,96,97,98,98,98,97,98,97,96,96,97,98,97,97,97,97,99,97,96,95,94,94,93,93,93,93,93,95,95,95,95,96,96,97
Ghorrock teleport,3152,3152,3152,3152,3152,3152,3152,3152,3152,3152,3152,3152,3152,3152,3152,3152,3152,3152,3152,3152,3152,3152,3152,3152,3152,3152,3152,3152,3152,3152,3152,3152,3152,3152,3152,3152,3152,3152,3152,3152,3152,3018,3018,3018,3018,3018,3018,3018,3018,3018,3018,3018,3018,3018,3018,3018,3018,3018,3018,3018,3018,3018,3018,3018,3018,3018,3018,3018,3018,3018,3018,3018,3018,3018,3018,3018,3018,3018,3018,3018,3018,3018,3018,3018,3018,3018,3018,3018,3018,3018,3018,3018,3018,3018,3018,3018,3018,3018,3018,3018,3018,3018,3018,3018,3018,3018,3018,3018,3018,3016,3016,3016,3016,3016,3016,3016,3016,3016,3016,3016,3016,3016,3016,3016,3016,3016,3016,3016,3016,3016,3016,3016,3016,3016,3016,3016,3016,3016,3016,3016,3016,3016,3016,3016,3016,3016,3016,3016,3016,3016,3016,3016,3016,3016,3016,3016,3016,3016,3016,3016,3016,3016,3016,3016,3016,3016,3016,3016,3016,3016,3016,3016,3016,3016,3016,3016,3016,3016,3016,3016
God wars teleport,2830,2830,2968,2968,2968,2968,3046,3046,3046,2916,2916,2916,2836,2836,2836,2788,2788,2788,2660,2660,2660,2599,2599,2599,2590,2590,2590,2486,2486,2486,2366,2366,2366,2248,2248,2248,2189,2189,2189,2110,2110,2110,2025,2025,2025,2035,2035,2035,2104,2104,2104,2207,2207,2207,2318,2318,2318,2430,2430,2550,2550,2550,2550,2657,2657,2657,2766,2766,2766,2699,2699,2699,2699,2751,2751,2751,2855,2855,2855,2855,2933,2933,2933,3059,3059,3059,3118,3118,3118,3252,3252,3252,3252,3371,3371,3371,3505,3505,3505,3674,3674,3674,3823,3823,3823,3823,3838,3838,3743,3743,3743,3760,3760,3760,3863,3863,3863,3863,3736,3736,3736,3569,3569,3569,3569,3446,3446,3446,3446,3304,3304,3304,3304,3224,3224,3224,3224,3342,3342,3342,3342,3488,3488,3488,3488,3488,3486,3486,3486,3486,3467,3467,3467,3467,3467,3497,3497,3497,3497,3489,3489,3489,3489,3469,3469,3469,3469,3345,3345,3345,3345,3413,3413,3413,3413,3437,3437,3437,3437,3477
Grand Exchange Teleport,2856,2820,2820,2760,2760,2760,2765,2765,2765,2836,2836,2836,2904,2904,2928,2928,2878,2878,2791,2791,2741,2741,2741,2682,2682,2619,2518,2518,2448,2448,2394,2394,2374,2374,2374,2421,2421,2421,2395,2395,2394,2394,2443,2443,2469,2469,2469,2475,2475,2503,2503,2503,2501,2501,2501,2448,2448,2383,2383,2338,2338,2338,2301,2301,2374,2374,2367,2367,2333,2333,2333,2325,2325,2238,2238,2151,2151,2091,2091,2091,2141,2141,2141,2106,2106,2046,2046,1994,1994,1929,1929,1903,1903,1903,1884,1884,1884,1862,1862,1813,1813,1813,1755,1755,1755,1755,1755,1814,1814,1814,1826,1826,1826,1772,1772,1727,1727,1751,1751,1783,1783,1867,1867,1867,1961,1961,1961,2038,2038,2021,2021,2021,2115,2115,2115,2141,2141,2141,2118,2118,2118,2068,2068,2068,2057,2057,2004,2004,1925,1925,1845,1845,1845,1772,1772,1772,1732,1732,1732,1818,1818,1818,1818,1856,1856,1856,1872,1872,1872,1837,1837,1829,1829,1829,1829,1836,1836,1785,1785,1742
Grand seed pod,17081,17081,17081,17433,17433,17433,17433,17433,17433,17433,17433,17433,17433,17619,17619,17619,17619,17619,17619,17619,17619,17619,17619,17619,17299,17299,17299,17299,17299,17299,17299,17299,17299,17299,17427,17427,17427,17427,17427,17427,17427,17427,17427,17427,18028,18028,18028,18028,18028,18028,18028,18028,18028,18028,18129,18129,18129,18129,18129,18129,18129,18129,18129,17903,17903,17903,17903,17903,17903,17903,17903,17903,17903,17903,18324,18324,18324,18324,18324,18324,18324,18324,18324,18857,18857,18857,18857,18857,18857,18857,18857,18857,18857,18857,19519,19519,19519,19519,19519,19519,19519,19519,19519,19519,19519,19818,19818,19818,19818,19818,19818,19818,19818,19818,19818,19818,19818,19649,19649,19649,19649,19649,19649,19649,19649,19649,19649,19649,19649,18989,18989,18989,18989,18989,18989,18989,18989,18989,18989,18989,18989,18417,18417,18417,18417,18417,18417,18417,18417,18417,18417,18417,18417,18417,18417,18417,18417,18314,18314,18314,18314,18314,18314,18314,18314,18314,18314,18314,18314,18314,18314,18163,18163,18163,18163,18163,18163,18163,18163,18163
Gu'Tanoth Teleport,475,475,475,494,494,494,494,508,508,508,508,508,534,534,534,534,532,532,532,532,514,514,514,514,514,514,514,533,533,533,533,510,510,510,510,510,488,488,488,488,466,466,466,451,451,451,465,465,465,465,475,475,475,475,476,476,476,489,489,498,498,498,498,511,511,511,511,513,513,513,513,513,518,518,518,529,529,529,529,542,542,542,542,548,548,561,561,561,587,587,587,594,594,594,579,579,579,579,591,591,591,591,605,605,605,605,627,627,627,627,645,645,645,645,677,677,677,710,710,710,710,745,745,745,745,781,781,781,781,821,821,821,821,821,845,845,845,845,850,850,850,850,850,889,889,889,934,934,934,934,981,981,981,981,981,1026,1026,1026,1026,1054,1054,1054,1054,1054,1032,1032,1032,1032,990,990,990,950,950,950,950,918,918,918,881,881
Juju teleport spiritbag,2548,2548,2524,2524,2462,2462,2420,2420,2372,2362,2362,2327,2327,2326,2326,2316,2316,2295,2295,2243,2243,2220,2220,2203,2197,2197,2190,2190,2244,2257,2257,2180,2180,2180,2173,2173,2173,2150,2150,2110,2110,2105,2105,2101,2101,2080,2080,2129,2129,2143,2143,2149,2149,2187,2187,2237,2237,2237,2282,2282,2298,2298,2305,2305,2351,2351,2353,2353,2416,2416,2445,2445,2395,2395,2393,2393,2419,2419,2453,2453,2428,2428,2489,2489,2491,2508,2508,2553,2553,2532,2532,2535,2535,2535,2561,2561,2512,2512,2473,2473,2459,2459,2447,2447,2447,2508,2508,2544,2544,2565,2565,2544,2544,2507,2507,2507,2508,2508,2559,2559,2559,2552,2552,2512,2512,2512,2533,2533,2533,2459,2459,2459,2431,2431,2431,2412,2412,2450,2450,2463,2463,2422,2422,2422,2374,2374,2374,2379,2379,2379,2402,2402,2402,2419,2419,2419,2375,2375,2375,2372,2372,2372,2392,2392,2403,2403,2403,2377,2377,2377,2346,2346,2346,2346,2346,2296,2296,2296,2239,2239
Kharyrll teleport,3102,3102,3102,3102,3102,3102,3102,3102,3102,3102,3102,3102,3102,3102,3102,3102,3102,3102,3102,3102,3102,3102,3102,3102,3102,3102,3102,3102,3102,3234,3234,3234,3234,3234,3234,3234,3234,3234,3234,3234,3234,3234,3234,3234,3234,3234,3234,3234,3234,3234,3234,3234,3234,3234,3234,3234,3234,3234,3234,3234,3234,3234,3234,3234,3234,3234,3234,3234,3234,3234,3234,3234,3234,3234,3234,3234,3234,3234,3234,3234,3234,3234,3234,3234,3234,3234,3234,3234,3234,3234,3234,3234,3234,3234,3234,3234,3234,3234,3234,3234,3234,3234,3364,3364,3364,3364,3364,3364,3364,3364,3364,3364,3364,3364,3364,3364,3364,3364,3364,3364,3364,3364,3364,3364,3364,3364,3364,3364,3364,3364,3364,3364,3364,3364,3364,3364,3364,3364,3364,3364,3364,3364,3364,3364,3364,3364,3364,3364,3364,3364,3364,3364,3364,3364,3364,3364,3364,3364,3364,3364,3364,3364,3364,3364,3364,3364,3364,3364,3364,3364,3364,3364,3364,3364,3364,3364,3364,3364,3364,3364
Lassar teleport,1978,1978,1978,1978,1978,1978,1978,1978,1978,1978,1978,1978,1978,1978,1978,1978,1978,1978,1978,1978,1978,1978,1978,1978,1978,1978,1978,1978,1978,1978,1978,1978,1978,1978,1978,1978,1978,1978,1978,1978,1978,1978,1978,1978,1978,1978,1978,1978,1978,1978,1978,1978,1978,1978,1978,1978,1978,1978,1978,1978,1978,1978,1978,1978,1978,1978,1978,1978,1978,1978,1978,1978,1978,1978,1978,1978,1978,1978,1978,1978,1978,1978,1978,1978,1978,1978,1978,1978,1978,1978,1978,1978,1978,1978,1978,1978,1978,1978,1978,1978,1978,1978,1978,1978,1978,1978,1978,1978,1978,1978,1978,1978,1978,1978,1978,1978,1978,1978,1978,1978,1978,1978,1978,1978,1978,1978,1978,1978,1978,1978,1978,1978,1978,1978,1978,1978,1978,1978,1978,1978,1978,1978,1978,1978,2065,2065,2065,2065,2065,2065,2065,2065,2065,2065,2065,2065,2065,2065,2065,2065,2065,2065,2065,2065,2065,2065,2065,2065,2065,2065,2065,2065,2065,2065,2065,2065,2065,2065,2065,2065
Lava rune,600,600,600,619,619,619,645,645,645,672,672,672,672,658,658,658,661,661,661,661,682,682,682,711,711,711,719,719,719,737,737,737,711,711,711,711,676,676,676,650,650,650,652,652,682,682,682,711,711,711,745,745,745,756,756,756,773,773,773,794,794,794,794,782,782,782,782,784,784,784,784,806,806,806,806,791,791,791,791,784,784,784,778,778,778,792,792,792,792,776,776,776,737,737,725,725,725,725,707,707,707,707,692,692,692,692,678,678,678,678,690,690,690,704,704,704,704,729,729,729,729,719,719,719,719,721,721,741,741,741,765,765,765,765,774,774,774,774,741,741,741,741,741,709,709,709,717,717,717,717,744,744,744,744,744,777,777,777,777,810,810,810,810,810,824,824,824,824,848,848,848,848,845,845,845,845,814,814,814,814
Law rune,479,463,441,418,399,381,363,370,373,373,374,382,392,385,382,396,410,426,424,430,436,440,453,461,458,454,447,442,436,429,418,408,400,399,402,400,401,410,417,429,436,439,437,432,427,424,413,419,415,416,413,409,404,404,408,411,408,407,404,402,400,401,401,398,397,394,393,399,395,403,414,415,417,426,436,441,448,456,472,481,488,512,536,558,551,562,581,584,577,593,607,624,630,639,655,662,696,711,706,674,640,608,577,548,520,494,477,462,462,479,483,486,493,508,521,536,526,516,496,483,487,493,496,501,502,509,513,520,516,526,523,521,526,530,525,519,510,500,485,479,470,467,477,489,485,483,477,475,469,476,473,478,492,486,477,475,477,481,489,494,491,496,491,480,468,467,460,460,456,454,455,454,453,452,449,448,447,448,448,447
Lighthouse Teleport,6780,6780,6824,6824,6824,6759,6759,6842,6842,6842,6947,6947,6947,7280,7280,7505,7505,7505,7628,7628,7909,7909,7909,8293,8293,8253,8437,8437,8669,8669,8624,8624,8510,8510,8510,8541,8541,8541,8622,8622,8892,8892,9235,9235,9503,9503,9963,9963,10067,10067,10067,10381,10381,10794,10794,11334,11334,11725,11725,11682,11682,11682,11553,11553,11261,11261,11331,11331,11842,11842,12299,12299,12523,12523,12868,12868,12825,12825,12825,12825,12746,12746,12746,12375,12375,11824,11824,11612,11612,11727,11727,11457,11457,11457,11474,11474,11474,11282,11282,11199,11199,11199,11229,11229,11229,11256,11256,11276,11276,11276,11665,11665,11665,12095,12095,12095,12615,12615,13224,13224,13224,13886,13886,14569,14569,14569,15274,15274,15274,15898,15898,15898,16222,16222,16222,16064,16064,16064,16067,16067,16067,16631,16631,16631,17363,17363,17882,17882,18203,18203,18088,18088,18088,17902,17902,17902,17301,17301,17301,17791,17791,17791,18543,18543,18973,18973,18973,19271,19271,19271,18963,18963,18909,18909,18909,18666,18666,18436,18436,17819
Lumber Yard Teleport,9992,9620,9209,9209,8748,8748,8403,8388,8388,8633,8965,8965,9090,9090,9266,9547,9547,9639,9639,9736,9736,10092,10092,10511,10375,10375,10212,10242,10242,10496,10496,10975,10975,11068,11131,11131,11289,11289,11717,12161,12161,12551,13108,13108,13764,13764,14057,14057,14583,14583,15172,15172,15499,15499,16203,16951,17489,17489,18195,18587,18587,19172,19172,19614,19614,19468,19468,18612,18612,18642,18642,18618,18618,18376,18376,18028,17154,16626,16626,16626,16117,16117,16294,16930,16930,16925,16925,16823,16823,16822,16822,16286,16286,16206,15431,15431,14795,15041,15466,15623,15623,15129,14574,14574,14470,14470,14627,14611,14611,14920,15141,15141,14991,15336,15336,15576,15783,15642,15642,15582,15582,15060,15064,15064,15710,15710,16110,16110,16573,16692,16692,16751,16640,16640,16603,16603,17105,17105,17591,17591,17444,16945,16945,17177,17177,17022,17153,17480,17480,17734,17253,17253,17016,17016,16503,16503,16926,16926,16883,16883,17214,17214,17776,17776,18332,18332,19154,19154,19514,19514,19148,18280,18280,17454,17454,16581,15912,15912,15311,15313
Lumbridge teleport,2206,2309,2309,2309,2309,2309,2418,2418,2418,2418,2418,2480,2480,2480,2480,2480,2511,2511,2511,2511,2455,2455,2455,2455,2455,2349,2349,2349,2349,2332,2332,2332,2332,2332,2279,2279,2279,2279,2279,2256,2256,2256,2256,2256,2349,2349,2349,2349,2349,2461,2461,2461,2461,2461,2581,2581,2581,2581,2581,2698,2698,2698,2698,2698,2698,2817,2817,2817,2817,2817,2817,2879,2879,2879,2879,2879,2796,2796,2796,2796,2796,2856,2856,2856,2856,2856,2944,2944,2944,2944,2944,2998,2998,2998,2998,2998,2998,3111,3111,3111,3111,3111,3089,3089,3089,3089,3089,3089,3153,3153,3153,3153,3153,3153,3026,3026,3026,3026,3026,3026,2996,2996,2996,2996,2996,2996,3122,3122,3122,3122,3122,3122,3130,3130,3130,3130,3130,3130,3130,3222,3222,3222,3222,3222,3222,3222,3290,3290,3290,3290,3290,3290,3290,3448,3448,3448,3448,3448,3448,3448,3586,3586,3586,3586,3586,3586,3678,3678,3678,3678,3678,3678,3678,3577,3577,3577,3577,3577,3577,3577
Mazcab teleport,5707,5707,5707,5707,5707,5707,5707,5421,5421,5421,5421,5421,5421,5167,5167,5167,5167,5167,5167,5167,5167,5167,5167,4961,4961,4961,4961,4961,4961,4961,4961,4961,4961,4961,4832,4832,4832,4832,4832,4832,4832,4832,4832,4832,4755,4755,4755,4755,4755,4755,4755,4755,4755,4755,4693,4693,4693,4693,4693,4693,4693,4693,4693,4564,4564,4564,4564,4564,4564,4564,4564,4564,4564,4518,4518,4518,4518,4518,4518,4518,4518,4518,4518,4518,4518,4473,4473,4473,4473,4473,4473,4473,4473,4473,4473,4473,4474,4474,4474,4474,4474,4474,4474,4474,4474,4474,4474,4449,4449,4449,4449,4449,4449,4449,4449,4449,4488,4488,4488,4488,4488,4488,4488,4488,4488,4488,4650,4650,4650,4650,4650,4650,4650,4650,4650,4650,4650,4862,4862,4862,4862,4862,4862,4862,4862,4862,4862,4862,4862,4862,4862,5090,5090,5090,5090,5090,5090,5090,5090,5090,5090,5090,5090,5090,5090,5238,5238,5238,5238,5238,5238,5238,5238,5238,5238,5238,5238,5238,5238,5238
Mind rune,17,17,17,18,18,19,19,19,19,19,19,20,19,19,19,19,19,18,18,18,18,18,19,19,18,17,17,18,18,18,18,18,19,19,19,20,20,20,20,20,20,19,19,18,18,19,19,19,19,19,19,19,19,19,20,20,19,20,20,20,20,20,20,20,20,20,20,20,20,20,20,21,20,20,20,20,20,20,20,20,20,21,22,22,22,22,23,23,23,23,24,23,23,23,23,23,23,23,22,22,22,21,21,21,21,21,22,22,22,22,22,22,21,20,20,20,21,21,21,21,22,22,23,23,22,22,23,23,22,23,23,22,22,22,22,21,21,21,21,20,20,20,20,20,20,20,20,21,21,21,21,21,21,21,21,21,21,20,20,20,20,20,20,20,21,21,21,22,23,23,22,22,22,23,23,23,23,22,22,22
Miscellania Teleport,170,170,176,176,176,176,182,182,182,188,188,188,188,186,186,186,181,181,181,181,181,181,182,182,184,184,175,175,167,168,168,168,170,170,170,170,177,177,177,175,175,175,176,176,176,169,169,169,169,169,169,168,168,168,168,168,168,168,168,170,170,170,170,173,173,173,171,171,171,170,170,170,167,167,167,167,167,167,170,170,170,170,171,171,171,171,171,171,167,167,167,166,166,166,166,166,166,166,167,167,167,164,164,164,165,165,165,165,165,165,169,169,169,169,169,169,169,171,171,171,171,171,169,169,169,169,170,170,170,170,171,171,171,171,175,175,175,178,178,178,178,173,173,173,173,173,173,168,168,168,166,166,166,166,167,167,167,167,172,172,172,172,171,171,171,174,174,174,174,167,167,167,165,165,165,165,172,172,172,175
Mist rune,534,534,534,534,524,524,524,524,522,522,522,522,526,526,526,526,526,514,514,514,514,514,511,511,514,514,514,513,513,513,513,510,510,510,510,510,507,507,507,507,509,509,509,506,506,506,504,504,504,504,505,505,505,505,505,505,505,505,510,510,510,510,510,532,532,532,532,554,554,554,554,554,572,572,572,598,598,598,598,598,621,621,621,621,621,646,646,646,646,675,675,675,675,675,697,697,697,697,697,722,722,722,722,749,749,749,749,749,783,783,783,818,818,818,818,818,854,854,854,854,854,864,864,864,864,864,868,868,868,868,868,859,859,859,858,858,858,858,858,823,823,823,823,823,823,830,830,830,866,866,866,866,900,900,900,900,900,900,936,936,936,936,936,936,976,976,976,1000,1000,1000,1000,981,981,981,981,981,981,935,935,935
Mud rune,565,564,561,560,555,562,560,562,564,586,613,617,627,643,658,678,677,674,659,646,651,663,671,669,663,660,666,650,634,630,630,639,639,646,667,667,675,683,698,729,766,775,741,719,710,698,693,697,696,714,734,737,753,763,752,743,753,756,777,779,771,766,757,741,734,720,720,731,727,725,725,737,739,733,743,748,748,752,760,796,829,842,811,801,763,729,706,689,672,665,658,666,666,679,695,710,716,722,724,710,693,685,705,679,686,709,725,759,781,810,813,803,802,799,781,773,761,768,795,786,796,783,790,796,796,790,802,819,830,808,797,790,808,808,819,814,809,789,768,774,783,807,807,799,805,829,833,828,818,809,809,821,850,869,883,918,931,948,940,929,925,925,922,950,965,956,934,904,882,864,863,843,832,821,814,821,845,845,879,911
Nature rune,425,423,421,422,423,424,428,433,440,441,434,424,423,417,416,420,427,432,436,438,438,440,443,451,456,455,451,449,444,449,448,448,452,448,440,431,430,429,424,425,426,431,434,433,430,426,423,423,419,415,404,396,389,387,383,377,372,370,375,387,401,411,411,410,407,401,397,397,394,384,383,385,386,386,385,389,393,390,386,385,393,400,400,397,393,394,395,395,398,405,411,412,415,413,412,412,414,413,416,420,419,416,418,423,425,425,423,426,426,424,424,423,426,426,424,421,417,417,418,417,419,417,415,413,415,419,420,422,425,423,421,419,417,419,420,419,421,421,422,426,430,431,428,432,432,436,436,432,432,431,429,425,423,418,415,412,407,404,402,400,406,414,406,403,405,413,411,411,414,414,415,415,413,412,411,411,412,413,410,409
Paddewwa teleport,1994,1994,1994,1994,1994,1994,1994,1994,1994,1994,1994,1994,1994,1994,1994,1994,1994,1994,1994,1994,1994,1994,1994,1994,1994,1994,1994,1994,1994,1994,1994,1994,1994,1994,1994,1994,1994,1994,1994,1994,1994,1994,1994,1994,1994,1994,1994,1994,1994,1994,1994,1994,1994,1994,1994,1994,1994,1994,1994,1994,1994,1994,1994,1994,1994,1994,1994,1994,1994,1994,1994,1994,1994,1994,1994,1994,1994,1994,1994,1994,1994,1994,1994,1994,1994,1994,1994,1994,1994,1994,1994,1994,1994,1994,1994,1994,1994,1994,1994,1994,1994,1994,1994,1994,1994,1994,2083,2083,2083,2083,2083,2083,2083,2083,2083,2083,2083,2083,2083,2083,2083,2083,2083,2083,2083,2083,2083,2083,2083,2083,2083,2083,2083,2083,2083,2083,2083,2083,2083,2083,2083,2083,2083,2083,2083,2083,2083,2083,2083,2083,2083,2083,2083,2083,2083,2083,2083,2083,2083,2083,2083,2083,2083,2083,2083,2083,2083,2083,2083,2083,2083,2083,2083,2083,2083,2083,2083,2083,2083,2083
Pharaoh's sceptre,855164,855164,855164,855164,855164,855164,855164,849232,849232,849232,849232,849232,849232,849232,849232,849232,849232,849232,849232,849232,849232,849232,849232,872953,872953,872953,872953,872953,872953,872953,872953,872953,872953,872953,872953,872953,872953,872953,872953,900893,900893,900893,900893,900893,900893,900893,900893,900893,900893,900893,900893,900893,900893,900893,900893,901094,901094,901094,901094,901094,901094,901094,901094,901094,901094,901094,901094,901094,901094,901094,901094,901094,911508,911508,911508,911508,911508,911508,911508,911508,911508,911508,911508,911508,911508,911508,911508,911508,915414,915414,915414,915414,915414,915414,915414,915414,915414,915414,915414,915414,915414,915414,915414,916374,916374,916374,916374,916374,916374,916374,916374,916374,916374,916374,916374,916374,916374,916374,916374,916374,916374,916374,938161,938161,938161,938161,938161,938161,938161,938161,938161,938161,938161,938161,938161,938161,938161,938161,938161,938161,938161,938161,956825,956825,956825,956825,956825,956825,956825,956825,956825,956825,956825,956825,956825,956825,956825,956825,956825,956825,956825,981006,981006,981006,981006,981006,981006,981006,981006,981006,981006,981006,981006,981006,981006,981006,981006,981006,981006,981006
Pharaoh's sceptre (3),988492,988492,988492,988492,988492,988492,988492,1001955,1001955,1001955,1001955,1001955,1001955,1001955,1001955,1001955,1001955,1025143,1025143,1025143,1025143,1025143,1025143,1025143,1025143,1025143,1037276,1037276,1037276,1037276,1037276,1037276,1037276,1037276,1037276,1037276,1037276,1037276,1048088,1048088,1048088,1048088,1048088,1048088,1048088,1048088,1048088,1060836,1060836,1060836,1060836,1060836,1060836,1060836,1060836,1061874,1061874,1061874,1061874,1061874,1061874,1061874,1061874,1061874,1061874,1054526,1054526,1054526,1054526,1054526,1054526,1054526,1054526,1054526,1054526,1067778,1067778,1067778,1067778,1067778,1067778,1067778,1067778,1067283,1067283,1067283,1067283,1067283,1067283,1067283,1067283,1067283,1051231,1051231,1051231,1051231,1051231,1051231,1051231,1051231,1062501,1062501,1062501,1062501,1062501,1062501,1062501,1062501,1062501,1062501,1093889,1093889,1093889,1093889,1093889,1093889,1093889,1093889,1093889,1093889,1093889,1114644,1114644,1114644,1114644,1114644,1114644,1114644,1114644,1114644,1114644,1114644,1139731,1139731,1139731,1139731,1139731,1139731,1139731,1139731,1139731,1139731,1139731,1139731,1139731,1148213,1148213,1148213,1148213,1148213,1148213,1148213,1148213,1148213,1148213,1148213,1161469,1161469,1161469,1161469,1161469,1161469,1161469,1161469,1161469,1161469,1161469,1166749,1166749,1166749,1166749,1166749,1166749,1166749,1166749,1166749,1166749,1166749,1177817,1177817
Phoenix Lair Teleport,136,136,136,137,137,137,139,139,139,139,137,137,137,137,140,140,140,143,143,143,147,147,147,147,141,141,141,141,141,140,140,140,136,136,136,136,137,137,137,137,138,138,138,138,138,138,132,132,132,132,136,136,136,137,137,137,138,138,138,143,143,143,143,150,150,150,150,151,151,151,151,146,146,146,143,143,143,148,148,148,148,148,152,152,152,160,160,160,168,168,168,175,175,175,184,184,184,184,194,194,194,194,199,199,199,199,206,206,206,208,208,208,208,216,216,216,224,224,224,236,236,236,248,248,248,248,261,261,261,262,262,262,262,265,265,265,265,279,279,279,279,293,293,293,293,306,306,306,310,310,310,310,322,322,322,322,328,328,328,333,333,333,345,345,356,356,356,368,368,368,368,385,385,385,385,400,400,400,407,407
Pollnivneach Teleport,868,868,834,834,830,830,815,815,804,804,814,814,814,804,804,808,808,795,795,802,822,822,809,809,810,810,800,782,782,770,770,753,753,764,764,769,769,772,772,796,796,835,835,857,881,881,923,923,924,924,938,938,931,931,936,965,965,974,1008,1003,1003,980,980,987,987,965,965,953,953,953,953,949,949,924,924,907,901,901,899,899,902,902,894,894,879,848,848,850,850,854,854,855,855,850,872,872,868,868,854,854,869,869,873,873,856,856,867,867,890,890,888,888,919,919,912,912,889,889,897,897,905,892,892,875,875,876,876,886,886,888,888,888,847,847,821,821,803,803,807,807,820,831,831,831,836,836,828,828,841,841,854,854,854,873,873,884,884,900,900,867,867,870,870,867,867,897,897,882,882,882,867,859,859,858,858,877,853,853,850,850
Sealed large rune pouch,3126172,3060923,3060923,2990046,2990046,3018775,3018775,3057019,3057019,3064509,3064509,3002475,3002475,3030357,3030357,3008079,3008079,3078638,3078638,2995454,2995454,2961549,2961549,2915114,2966631,2966631,3033426,3033426,2984621,2984621,2993815,2993815,2905648,2905648,2872576,2872576,2872576,2789778,2789778,2722198,2722198,2747495,2747495,2792106,2792106,2768131,2768131,2712137,2712137,2755968,2755968,2842662,2842662,2948641,2948641,2928558,2928558,2928558,2964896,2964896,2973508,2973508,2973508,3054613,3054613,3135175,3135175,3148373,3148373,3175007,3175007,3175007,3318285,3318285,3467785,3467785,3443127,3443127,3443127,3556063,3556063,3689669,3689669,3852855,3852855,4014462,4014462,3899011,3899011,3706108,3706108,3525160,3525160,3525160,3365477,3365477,3446238,3446238,3591281,3591281,3741615,3741615,3910725,3910725,4074512,4074512,4248527,4248527,4436009,4436009,4639355,4639355,4639355,4847807,4847807,5055816,5055816,5275194,5275194,5508882,5508882,5749119,5749119,6000569,6000569,6000569,6267463,6267463,6267463,6551750,6551750,6551750,6848907,6848907,6848907,7157825,7157825,7157825,7460619,7460619,7460619,7797900,7797900,7797900,8141721,8141721,8141721,8516061,8516061,8516061,8894593,8894593,8894593,9286441,9286441,9286441,9708870,9708870,9708870,10145747,10145747,10145747,10145747,10604053,10604053,10604053,11087450,11087450,11087450,11589379,11589379,12125720,12125720,12125720,12685255,12685255,12685255,13261001,13261001,13261001
Sealed large rune pouch (black),12335919,12335919,11734991,11734991,11734991,11734991,11734991,11734991,11734991,11734991,11734991,11734991,11734991,11734991,11734991,11156904,11156904,11156904,11156904,11156904,11156904,11156904,11156904,11156904,11156904,11156904,10615508,10615508,10615508,10615508,10615508,10615508,10615508,10615508,10615508,10615508,10615508,10615508,10094964,10094964,10094964,10094964,10094964,10094964,10094964,10094964,10094964,10094964,10094964,10094964,10094964,9599857,9599857,9599857,9599857,9599857,9599857,9599857,9599857,9599857,9599857,9599857,9599857,9599857,9599857,9130299,9130299,9130299,9130299,9130299,9130299,9130299,9130299,9130299,9130299,9130299,9130299,9130299,9130299,8748678,8748678,8748678,8748678,8748678,8748678,8748678,8748678,8748678,8748678,8346441,8346441,8346441,8346441,8346441,8346441,8346441,8346441,8346441,8346441,8346441,8346441,7953376,7953376,7953376,7953376,7953376,7953376,7953376,7953376,7953376,7625169,7625169,7625169,7625169,7625169,7625169,7625169,7625169,7625169,7496256,7496256,7496256,7496256,7496256,7496256,7496256,7496256,7608135,7608135,7608135,7608135,7608135,7608135,7608135,7873460,7873460,7873460,7873460,7873460,7873460,8212094,8212094,8212094,8212094,8212094,8212094,8575241,8575241,8575241,8575241,8575241,8959585,8959585,8959585,8959585,8959585,8959585,9334269,9334269,9334269,9334269,9334269,9334269,9735640,9735640,9735640,9735640,10165847,10165847,10165847,10165847,10165847,10609241,10609241,10609241,10609241,10609241,11059506,11059506,11059506
Sealed large rune pouch (blue),12970565,12970565,12970565,12970565,12344659,12344659,12344659,12344659,12344659,12344659,12344659,12344659,12344659,12344659,12344659,12344659,12344659,12344659,12344659,12344659,12344659,12344659,12344659,11750079,11750079,11750079,11750079,11750079,11750079,11750079,11750079,11750079,11750079,11750079,11750079,11750079,11750079,11750079,11750079,11750079,11750079,11178862,11178862,11178862,11178862,11178862,11178862,11178862,11178862,11178862,11178862,11178862,11178862,11178862,11178862,11178862,11178862,11178862,11178862,11178862,11178862,11178862,10642739,10642739,10642739,10642739,10642739,10642739,10642739,10642739,10642739,10642739,10642739,10642739,10642739,10642739,10642739,10642739,10642739,10642739,10642739,10642739,10129952,10129952,10129952,10129952,10129952,10129952,10129952,10129952,10129952,10129952,10129952,10129952,10129952,10129952,10129952,10129952,10129952,10129952,10129952,10129952,9644307,9644307,9644307,9644307,9644307,9644307,9644307,9644307,9644307,9644307,9644307,9644307,9644307,9644307,9644307,9644307,9644307,9644307,9644307,9644307,9644307,9644307,9264006,9264006,9264006,9264006,9264006,9264006,9264006,9264006,9264006,9264006,9264006,9264006,9264006,9264006,9264006,9264006,9264006,9258921,9258921,9258921,9258921,9258921,9258921,9258921,9258921,9258921,9258921,9258921,9258921,9655653,9655653,9655653,9655653,9655653,9655653,9655653,9655653,9655653,9655653,9655653,10076965,10076965,10076965,10076965,10076965,10076965,10076965,10076965,10076965,10076965,10518266,10518266,10518266,10518266,10518266,10518266
Sealed large rune pouch (green),13630287,13630287,13630287,13630287,13630287,13630287,13630287,13630287,13630287,13630287,13630287,13630287,13630287,13630287,13630287,13630287,13630287,13630287,13630287,13630287,12977267,12977267,12977267,12977267,12977267,12977267,12977267,12977267,12977267,12977267,12977267,12977267,12977267,12977267,12977267,12977267,12977267,12977267,12977267,12977267,12977267,12977267,12977267,12977267,12977267,12977267,12977267,12977267,12977267,12977267,12977267,12977267,12345685,12345685,12345685,12345685,12345685,12345685,12345685,12345685,12345685,12345685,12345685,12345685,12345685,12345685,12345685,12345685,12345685,12345685,12345685,12345685,12345685,12345685,12345685,12345685,12345685,12345685,12345685,12345685,12345685,12345685,12345685,11753493,11753493,11753493,11753493,11753493,11753493,11753493,11753493,11753493,11753493,11753493,11753493,11753493,11753493,11753493,11753493,11753493,11753493,11753493,11753493,11753493,11753493,11753493,11753493,11753493,11753493,11753493,11753493,11753493,11753493,11204424,11204424,11204424,11204424,11204424,11204424,11204424,11204424,11204424,11204424,11204424,11204424,11204424,11204424,11204424,11204424,11204424,11204424,11204424,11204424,11204424,11204424,11204424,11204424,11204424,11204424,11204424,11204424,11204424,11204424,11204424,10899655,10899655,10899655,10899655,10899655,10899655,10899655,10899655,10899655,10899655,10899655,10899655,10899655,10899655,10899655,10899655,10899655,10899655,10899655,10899655,11240587,11240587,11240587,11240587,11240587,11240587,11240587,11240587,11240587,11240587,11240587,11240587,11240587,11240587,11240587,11240587
Sealed large rune pouch (orange),15000000,14293774,14293774,14293774,14293774,14293774,14293774,14293774,14293774,14293774,14293774,14293774,14293774,14293774,14293774,14293774,14293774,14293774,14293774,14293774,14293774,14293774,14293774,14293774,14293774,14293774,13602783,13602783,13602783,13602783,13602783,13602783,13602783,13602783,13602783,13602783,13602783,13602783,13602783,13602783,13602783,13602783,13602783,13602783,13602783,13602783,13602783,13602783,13602783,13602783,13602783,13602783,12940012,12940012,12940012,12940012,12940012,12940012,12940012,12940012,12940012,12940012,12940012,12940012,12940012,12940012,12940012,12940012,12940012,12940012,12940012,12940012,12940012,12940012,12940012,12940012,12940012,12940012,12940012,12940012,12940012,12940012,12940012,12940012,12940012,12940012,12940012,12940012,12940012,12940012,12940012,12940012,12940012,12940012,12940012,12940012,12940012,12940012,12940012,12940012,12940012,12940012,12940012,12940012,12940012,12940012,12940012,12940012,12940012,12940012,12940012,12940012,12940012,12940012,12940012,12940012,12322502,12322502,12322502,12322502,12322502,12322502,12322502,12322502,12322502,12322502,12322502,12322502,12322502,12322502,12322502,12322502,12322502,12322502,12322502,12322502,12322502,12322502,12322502,12322502,12322502,12322502,12322502,12322502,12322502,12322502,12322502,12322502,12322502,12322502,12322502,12322502,12322502,12322502,12322502,12322502,12322502,12322502,12322502,12322502,12322502,12322502,12322502,12322502,12322502,12322502,12322502,12196723,12196723,12196723,12196723,12196723,12196723,12196723,12196723,12196723,12196723,12196723,12196723,12196723
Sealed large rune pouch (pink),15000000,15000000,15000000,15000000,15000000,15000000,15000000,15000000,15000000,15000000,15000000,15000000,15000000,15000000,15000000,15000000,15000000,15000000,15000000,15000000,15000000,15000000,15000000,15000000,14304348,14304348,14304348,14304348,14304348,14304348,14304348,14304348,14304348,14304348,14304348,14304348,14304348,14304348,14304348,14304348,14304348,14304348,14304348,14304348,14304348,14304348,14304348,14304348,14304348,14304348,14304348,14304348,14304348,14304348,14304348,14304348,14304348,14304348,14304348,14304348,14304348,14304348,14304348,14304348,14304348,14304348,14304348,14304348,14304348,14304348,14304348,14304348,14304348,14304348,14304348,14304348,14304348,14304348,14304348,14304348,14304348,14304348,14304348,14304348,14304348,14304348,14304348,14304348,14304348,13598038,13598038,13598038,13598038,13598038,13598038,13598038,13598038,13598038,13598038,13598038,13598038,13598038,13598038,13598038,13598038,13598038,13598038,13598038,13598038,13598038,13598038,13598038,13598038,13598038,13598038,13598038,13598038,13598038,13598038,13598038,13598038,13598038,13598038,13598038,13598038,13598038,13598038,13598038,13598038,13598038,13598038,13598038,13598038,13598038,13598038,13598038,13598038,13598038,13598038,13598038,13598038,13598038,13598038,13598038,13598038,13598038,12957917,12957917,12957917,12957917,12957917,12957917,12957917,12957917,12957917,12957917,12957917,12957917,12957917,12957917,12957917,12957917,12957917,12957917,12957917,12957917,12957917,12957917,12957917,12957917,12957917,12957917,12957917,12957917,12957917,12957917,12957917,12957917,12957917,13147567
Sealed large rune pouch (purple),13618562,13618562,12960746,12960746,12960746,12960746,12960746,12960746,12960746,12960746,12960746,12960746,12960746,12960746,12960746,12960746,12960746,12960746,12960746,12960746,12960746,12960746,12960746,12960746,12960746,12960746,12346343,12346343,12346343,12346343,12346343,12346343,12346343,12346343,12346343,12346343,12346343,12346343,12346343,12346343,12346343,12346343,12346343,12346343,12346343,12346343,12346343,12346343,11753799,11753799,11753799,11753799,11753799,11753799,11753799,11753799,11753799,11753799,11753799,11753799,11753799,11753799,11753799,11753799,11753799,11753799,11753799,11753799,11753799,11753799,11753799,11753799,11181927,11181927,11181927,11181927,11181927,11181927,11181927,11181927,11181927,11181927,11181927,11181927,11181927,11181927,11181927,11181927,11181927,11181927,11181927,11181927,11181927,11181927,11181927,11181927,11181927,10639077,10639077,10639077,10639077,10639077,10639077,10639077,10639077,10639077,10639077,10639077,10639077,10639077,10639077,10639077,10639077,10639077,10639077,10639077,10639077,10639077,10639077,10639077,10639077,10639077,10639077,10639077,10639077,10639077,10174757,10174757,10174757,10174757,10174757,10174757,10174757,10174757,10174757,10174757,10174757,10174757,10174757,10174757,10174757,10174757,10174757,10174757,10174757,10174757,10174757,10174757,10278249,10278249,10278249,10278249,10278249,10278249,10278249,10278249,10278249,10278249,10278249,10278249,10278249,10278249,10278249,10278249,10278249,10667975,10667975,10667975,10667975,10667975,10667975,10667975,10667975,10667975,10667975,10667975,10667975,10667975,11136987,11136987
Sealed large rune pouch (red),13627614,13627614,13627614,13627614,13627614,13627614,13627614,13627614,13627614,13627614,13627614,13627614,13627614,13627614,13627614,13627614,13627614,13627614,13627614,13627614,13627614,13627614,13627614,13627614,13627614,13627614,12980676,12980676,12980676,12980676,12980676,12980676,12980676,12980676,12980676,12980676,12980676,12980676,12980676,12980676,12980676,12980676,12980676,12980676,12980676,12980676,12980676,12980676,12980676,12980676,12980676,12980676,12980676,12980676,12359368,12359368,12359368,12359368,12359368,12359368,12359368,12359368,12359368,12359368,12359368,12359368,12359368,12359368,12359368,12359368,12359368,12359368,12359368,12359368,12359368,12359368,12359368,12359368,12359368,12359368,12359368,12359368,12359368,12359368,12359368,12359368,12359368,12359368,12359368,11768920,11768920,11768920,11768920,11768920,11768920,11768920,11768920,11768920,11768920,11768920,11768920,11768920,11768920,11768920,11768920,11768920,11768920,11768920,11768920,11768920,11768920,11768920,11768920,11768920,11768920,11768920,11768920,11768920,11768920,11768920,11768920,11768920,11768920,11768920,11768920,11768920,11768920,11768920,11236021,11236021,11236021,11236021,11236021,11236021,11236021,11236021,11236021,11236021,11236021,11236021,11236021,11236021,11236021,11236021,11236021,11236021,11236021,11236021,11236021,11236021,11236021,11236021,11236021,11236021,11236021,11236021,11236021,11236021,11236021,11236021,11281632,11281632,11281632,11281632,11281632,11281632,11281632,11281632,11281632,11281632,11281632,11281632,11281632,11281632,11281632,11281632,11281632,11281632,11739673,11739673
Sealed large rune pouch (yellow),14306889,14306889,14306889,14306889,14306889,14306889,14306889,14306889,14306889,14306889,14306889,14306889,14306889,14306889,14306889,14306889,14306889,14306889,14306889,13617595,13617595,13617595,13617595,13617595,13617595,13617595,13617595,13617595,13617595,13617595,13617595,13617595,13617595,13617595,13617595,13617595,13617595,13617595,13617595,13617595,13617595,13617595,13617595,13617595,13617595,13617595,13617595,13617595,13617595,13617595,13617595,13617595,13617595,13617595,13617595,13617595,13617595,13617595,13617595,12960416,12960416,12960416,12960416,12960416,12960416,12960416,12960416,12960416,12960416,12960416,12960416,12960416,12960416,12960416,12960416,12960416,12960416,12960416,12960416,12960416,12960416,12960416,12960416,12960416,12960416,12960416,12960416,12960416,12960416,12960416,12960416,12960416,12960416,12960416,12960416,12960416,12960416,12960416,12960416,12960416,12960416,12960416,12960416,12960416,12960416,12960416,12960416,12960416,12960416,12960416,12960416,12960416,12960416,12960416,12340077,12340077,12340077,12340077,12340077,12340077,12340077,12340077,12340077,12340077,12340077,12340077,12340077,12340077,12340077,12340077,12340077,12340077,12340077,12340077,12340077,12340077,12340077,12340077,12340077,12340077,12340077,12340077,12340077,12340077,12340077,12340077,12340077,12340077,12340077,12340077,12340077,12340077,12340077,12340077,12340077,12340077,12340077,12340077,12340077,11980749,11980749,11980749,11980749,11980749,11980749,11980749,11980749,11980749,11980749,11980749,11980749,11980749,11980749,11980749,11980749,11980749,11980749,11980749,11980749,11980749
Senntisten teleport,2309,2309,2309,2309,2309,2309,2309,2309,2309,2309,2309,2309,2309,2309,2309,2309,2309,2309,2309,2309,2309,2309,2309,2309,2309,2309,2309,2309,2309,2309,2309,2309,2309,2309,2309,2309,2309,2309,2309,2414,2414,2414,2414,2414,2414,2414,2414,2414,2414,2414,2414,2414,2414,2414,2414,2414,2414,2414,2414,2414,2414,2414,2414,2414,2414,2414,2414,2414,2414,2414,2414,2414,2414,2414,2414,2414,2414,2414,2414,2414,2414,2414,2414,2414,2414,2414,2414,2414,2414,2414,2414,2414,2414,2414,2414,2414,2414,2414,2414,2414,2414,2414,2414,2414,2414,2414,2414,2414,2414,2414,2414,2414,2414,2414,2414,2414,2414,2414,2414,2414,2414,2414,2518,2518,2518,2518,2518,2518,2518,2518,2518,2518,2518,2518,2518,2518,2518,2518,2518,2518,2518,2518,2518,2518,2518,2518,2518,2518,2518,2518,2518,2518,2518,2518,2518,2518,2518,2518,2518,2518,2518,2518,2518,2518,2518,2518,2518,2518,2518,2518,2518,2518,2518,2518,2518,2518,2518,2518,2518,2518
Smoke rune,586,586,590,590,590,615,615,615,630,630,630,630,661,661,661,661,688,688,688,717,717,717,717,753,753,753,783,783,783,810,810,810,810,810,832,832,832,832,837,837,837,837,816,816,816,816,784,784,784,784,785,785,785,785,803,803,803,803,831,831,831,866,866,866,866,876,876,880,880,880,880,901,901,901,898,898,904,904,904,904,887,887,887,887,887,862,862,862,862,846,846,846,846,809,809,809,835,835,835,816,816,816,819,819,819,819,809,809,809,809,804,804,804,817,817,817,817,817,787,787,787,787,770,770,770,770,770,742,742,742,742,762,762,762,762,781,781,781,781,759,759,759,759,778,778,778,778,800,800,800,800,800,804,804,804,804,827,827,827,827,827,844,844,844,844,871,871,871,871,871,857,857,857,857,857,847,847,847,847,847
Soul rune,420,410,407,406,409,392,380,366,365,357,350,357,343,349,363,358,349,344,361,375,384,388,385,387,394,414,416,434,443,430,439,430,422,412,396,391,383,386,393,398,402,403,392,403,404,401,391,395,414,411,419,407,427,448,446,451,451,439,434,441,441,451,456,462,460,454,455,452,431,422,420,434,453,466,476,495,507,521,542,557,578,605,621,612,594,564,538,528,521,517,535,537,558,563,591,617,614,625,640,635,636,643,658,685,666,648,636,624,616,599,581,565,564,549,545,549,539,529,522,514,513,504,489,477,465,458,444,444,442,435,427,422,416,424,428,433,443,437,431,427,425,422,429,436,431,424,423,424,413,413,418,426,439,441,437,436,428,426,421,417,414,412,411,410,407,404,401,399,398,398,394,394,389,387,379,378,383,383,390,395
Steam rune,687,687,670,670,670,670,653,653,653,639,639,639,639,626,626,626,626,623,623,623,629,629,629,629,654,654,654,675,675,675,675,679,679,679,679,679,652,652,652,637,637,645,645,645,614,614,614,614,619,619,619,619,643,643,643,643,664,664,692,692,722,722,722,742,742,742,742,736,736,736,736,704,704,704,675,675,673,673,673,673,673,647,647,647,647,640,640,640,640,613,613,618,618,618,645,645,645,645,661,661,661,661,646,646,646,646,625,625,625,641,641,641,666,666,666,666,678,678,678,678,694,694,694,694,714,714,739,739,739,739,755,755,755,755,730,730,730,730,711,711,711,697,697,697,697,726,726,726,755,755,755,755,784,784,784,784,809,809,809,809,809,831,831,831,843,843,843,843,842,842,842,842,830,830,830,830,794,794,794,794
Tai Bwo Wannai Teleport,422,422,430,430,430,422,422,422,408,408,408,397,397,397,397,416,416,416,416,405,405,405,396,396,396,416,416,433,433,433,439,439,439,454,454,454,454,454,454,443,443,443,435,435,435,414,414,414,395,395,395,387,387,387,385,385,385,367,367,348,348,348,335,335,335,327,327,327,318,318,318,320,320,320,313,313,313,323,323,323,323,323,328,328,328,343,343,343,358,358,358,352,352,352,362,362,362,362,375,375,375,384,384,384,396,396,396,401,401,401,403,403,403,403,412,412,412,418,418,418,417,417,407,407,407,407,408,408,408,399,399,399,399,401,401,401,399,399,399,399,399,399,399,399,407,407,407,398,398,398,390,390,390,390,389,389,389,389,388,388,388,388,396,396,396,394,394,394,394,385,385,385,389,389,389,389,388,388,388,401
Teleport to house,2294,2294,2225,2225,2133,2133,2113,2113,2109,2165,2165,2109,2109,2025,2025,1993,1993,2001,2001,2018,1973,1973,1938,1938,1964,1964,2007,1954,1954,1941,1941,2004,2004,2034,2037,2037,2008,2008,1993,1984,1984,1976,2014,2014,2001,2001,2059,2059,2129,2129,2149,2149,2193,2193,2263,2239,2239,2166,2242,2275,2275,2358,2358,2400,2400,2471,2471,2517,2517,2556,2556,2641,2641,2678,2678,2601,2620,2609,2609,2675,2730,2730,2782,2833,2833,2912,2912,2931,2931,2824,2824,2716,2716,2593,2472,2472,2405,2405,2313,2313,2295,2295,2307,2307,2285,2285,2272,2272,2292,2292,2311,2311,2299,2299,2277,2277,2265,2265,2293,2293,2283,2364,2364,2409,2409,2452,2452,2482,2482,2539,2539,2569,2569,2507,2507,2381,2381,2378,2378,2392,2392,2363,2363,2363,2326,2326,2329,2329,2311,2311,2346,2346,2346,2324,2324,2343,2380,2380,2367,2367,2377,2377,2369,2369,2368,2368,2364,2364,2369,2369,2439,2439,2463,2463,2510,2510,2553,2553,2574,2574
The Heart teleport,2286,2386,2386,2386,2506,2506,2506,2629,2629,2629,2692,2692,2692,2741,2741,2798,2798,2798,2690,2690,2589,2589,2589,2553,2553,2472,2472,2472,2472,2487,2487,2401,2401,2401,2288,2288,2288,2307,2307,2307,2219,2219,2241,2241,2234,2234,2234,2302,2302,2302,2394,2394,2499,2499,2608,2608,2608,2655,2655,2785,2785,2785,2850,2850,2850,2851,2851,2851,2857,2857,2857,2845,2845,2932,2932,2932,3017,3017,3017,3017,3054,3007,3007,3137,3137,3241,3241,3404,3404,3526,3526,3601,3601,3601,3710,3710,3710,3839,3839,3996,3996,4062,4062,3930,3930,3930,3789,3789,3666,3666,3666,3568,3568,3568,3590,3590,3590,3470,3470,3470,3310,3310,3335,3335,3335,3429,3429,3429,3492,3492,3492,3636,3636,3636,3779,3779,3779,3952,3952,3952,4097,4097,4097,3996,3996,3996,3886,3886,3778,3778,3778,3737,3737,3737,3737,3696,3696,3696,3567,3567,3567,3577,3577,3577,3721,3721,3721,3815,3815,3815,3865,3865,3865,3923,3923,3923,3892,3892,3892,3905
Thieves' Guild teleport,2780,2780,2780,2780,2780,2780,2780,2780,2780,2780,2780,2780,2780,2780,2780,2780,2780,2780,2780,2787,2787,2787,2787,2787,2787,2787,2787,2787,2787,2787,2787,2787,2787,2787,2787,2787,2787,2787,2787,2787,2787,2814,2814,2814,2814,2814,2814,2814,2814,2814,2814,2814,2814,2814,2814,2814,2814,2814,2814,2814,2814,2814,2814,2814,2814,2882,2882,2882,2882,2882,2882,2882,2882,2882,2882,2882,2882,2882,2882,2882,2882,2882,2899,2899,2899,2899,2899,2899,2899,2899,2899,2899,2899,2899,2899,2899,2899,2899,2899,2899,2899,2899,2899,2899,2832,2832,2832,2832,2832,2832,2832,2832,2832,2832,2832,2832,2832,2832,2832,2832,2832,2832,2832,2832,2832,2832,2832,2832,2832,2832,2832,2832,2704,2704,2704,2704,2704,2704,2704,2704,2704,2704,2704,2704,2704,2704,2704,2704,2704,2704,2704,2704,2704,2704,2704,2704,2704,2645,2645,2645,2645,2645,2645,2645,2645,2645,2645,2645,2645,2645,2645,2645,2645,2645,2645,2645,2645,2645,2645,2645
Varrock teleport,1657,1598,1527,1527,1523,1523,1530,1517,1469,1431,1416,1380,1356,1340,1319,1318,1382,1323,1261,1197,1137,1118,1152,1152,1111,1163,1165,1146,1088,1033,981,951,951,997,1035,1035,1072,1072,1112,1112,1166,1166,1171,1113,1132,1143,1156,1157,1192,1179,1229,1191,1211,1249,1271,1330,1394,1464,1530,1563,1637,1637,1674,1711,1711,1770,1826,1849,1849,1855,1855,1844,1844,1866,1866,1869,1928,2024,2024,2120,2220,2220,2240,2138,2138,2158,2158,2218,2218,2304,2397,2374,2374,2293,2207,2207,2235,2235,2261,2261,2296,2296,2250,2250,2223,2223,2171,2141,2088,2088,2063,2014,2014,1922,1922,1953,1984,2018,2018,2063,2063,2156,2176,2270,2270,2345,2395,2395,2328,2350,2350,2314,2266,2266,2152,2152,2047,2035,1966,1966,1905,1874,1874,1860,1821,1821,1838,1759,1760,1761,1745,1745,1752,1752,1740,1740,1740,1753,1713,1725,1725,1680,1680,1657,1652,1626,1626,1603,1583,1583,1558,1570,1593,1552,1522,1501,1526,1526,1553,1553
Watchtower teleport,2334,2334,2334,2334,2334,2334,2334,2334,2334,2334,2432,2432,2432,2432,2432,2432,2432,2432,2432,2432,2529,2529,2529,2529,2529,2529,2529,2529,2529,2529,2529,2638,2638,2638,2638,2638,2638,2638,2638,2725,2725,2725,2725,2725,2725,2725,2725,2725,2849,2849,2849,2849,2849,2849,2849,2849,2985,2985,2985,2985,2985,2985,2985,2985,2985,3122,3122,3122,3122,3122,3122,3122,3122,3122,3122,3272,3272,3272,3272,3272,3272,3272,3272,3272,3272,3272,3352,3352,3352,3352,3352,3352,3352,3352,3352,3352,3458,3458,3458,3458,3458,3458,3458,3458,3458,3458,3458,3622,3622,3622,3622,3622,3622,3622,3622,3622,3622,3622,3748,3748,3748,3748,3748,3748,3748,3748,3748,3748,3748,3748,3748,3832,3832,3832,3832,3832,3832,3832,3832,3832,3832,3832,3832,3832,3889,3889,3889,3889,3889,3889,3889,3889,3889,3889,3889,3889,3889,3889,4053,4053,4053,4053,4053,4053,4053,4053,4053,4053,4053,4053,4053,3951,3951,3951,3951,3951,3951,3951,3951,3951
Water rune,15,15,15,15,15,15,15,15,15,15,15,15,15,15,15,16,16,16,16,16,16,16,16,16,16,17,17,18,18,18,19,19,18,18,18,18,18,18,18,18,18,18,18,19,19,19,19,19,19,19,19,18,18,19,19,19,19,19,19,19,19,19,19,19,19,19,19,19,19,19,18,18,18,18,18,18,18,19,19,19,19,19,19,19,20,20,20,20,20,20,20,20,20,20,20,20,20,20,20,20,21,21,22,22,22,22,21,21,21,22,22,22,22,23,24,24,24,24,24,24,24,24,24,24,23,23,23,23,22,22,21,21,21,22,23,24,25,25,24,24,24,24,24,24,24,24,23,23,23,24,24,24,24,24,24,24,24,24,24,24,24,24,24,24,25,25,24,24,24,25,25,24,24,24,24,24,24,24,24,25
